Customer_ID,Lifetime_Value,Avg_Previous_Purchases,Avg_Review_Rating
1,53,14.0,3.1
2,64,2.0,3.1
3,73,23.0,3.1
4,90,49.0,3.5
5,49,31.0,2.7
6,20,14.0,2.9
7,85,49.0,3.2
8,34,19.0,3.2
9,97,8.0,2.6
10,31,4.0,4.8
11,34,26.0,4.1
12,68,10.0,4.9
13,72,37.0,4.5
14,51,31.0,4.7
15,53,34.0,4.7
16,81,8.0,2.8
17,36,44.0,4.1
18,38,36.0,4.7
19,48,17.0,4.6
20,90,46.0,3.3
21,51,50.0,2.8
22,62,22.0,4.1
23,37,32.0,3.2
24,88,40.0,4.4
25,22,16.0,2.9
26,25,14.0,3.6
27,20,13.0,3.6
28,56,7.0,5.0
29,94,41.0,4.4
30,48,14.0,4.1
31,31,16.0,4.7
32,79,45.0,4.7
33,67,37.0,4.9
34,38,45.0,3.3
35,91,38.0,4.6
36,33,48.0,4.0
37,69,44.0,4.6
38,45,10.0,2.8
39,37,44.0,3.7
40,60,18.0,4.2
41,76,31.0,4.6
42,39,40.0,4.5
43,100,15.0,4.1
44,69,19.0,3.7
45,53,45.0,4.6
46,21,25.0,2.9
47,43,45.0,2.9
48,54,36.0,4.5
49,55,38.0,2.7
50,30,34.0,4.6
51,28,39.0,3.7
52,59,7.0,4.7
53,20,26.0,2.6
54,24,35.0,3.9
55,94,35.0,4.2
56,28,49.0,3.0
57,73,46.0,4.7
58,64,17.0,4.4
59,54,29.0,4.2
60,79,4.0,4.6
61,37,17.0,4.0
62,68,21.0,4.7
63,21,31.0,3.8
64,79,43.0,2.7
65,83,18.0,4.8
66,36,44.0,4.8
67,94,3.0,4.7
68,33,49.0,4.4
69,46,21.0,3.9
70,70,5.0,4.4
71,29,32.0,4.2
72,48,34.0,2.9
73,26,21.0,2.9
74,85,43.0,2.7
75,58,3.0,4.5
76,85,21.0,2.7
77,43,32.0,4.2
78,53,36.0,3.3
79,91,50.0,4.7
80,96,43.0,2.6
81,72,24.0,3.3
82,96,36.0,2.6
83,28,21.0,4.0
84,40,34.0,4.1
85,32,42.0,4.4
86,95,2.0,4.5
87,41,47.0,3.7
88,53,44.0,3.7
89,47,35.0,3.5
90,83,15.0,3.6
91,48,29.0,2.9
92,99,18.0,4.6
93,87,13.0,4.4
94,62,46.0,4.5
95,76,28.0,4.6
96,100,48.0,3.8
97,73,43.0,3.6
98,92,37.0,4.8
99,67,20.0,2.6
100,40,33.0,3.7
101,98,31.0,2.7
102,85,50.0,4.6
103,67,35.0,4.8
104,89,22.0,4.0
105,24,1.0,4.4
106,96,4.0,3.6
107,35,31.0,3.7
108,67,46.0,3.1
109,79,32.0,3.4
110,85,43.0,2.6
111,26,26.0,4.0
112,75,9.0,5.0
113,65,28.0,4.3
114,54,20.0,3.1
115,95,9.0,3.7
116,94,48.0,3.8
117,86,12.0,3.4
118,32,29.0,4.6
119,45,27.0,4.8
120,76,44.0,4.3
121,84,32.0,4.0
122,72,11.0,4.2
123,40,44.0,4.8
124,89,46.0,3.1
125,86,50.0,3.1
126,54,45.0,3.6
127,36,48.0,3.9
128,89,26.0,4.8
129,32,21.0,4.7
130,67,49.0,4.2
131,39,13.0,3.7
132,29,46.0,3.9
133,58,42.0,4.7
134,65,25.0,2.5
135,94,25.0,4.9
136,81,12.0,4.1
137,86,4.0,3.3
138,43,38.0,4.7
139,29,42.0,4.4
140,95,30.0,3.8
141,28,50.0,3.9
142,46,45.0,4.9
143,58,33.0,3.1
144,48,25.0,2.7
145,43,25.0,3.2
146,95,44.0,4.5
147,30,21.0,4.0
148,64,31.0,3.5
149,90,47.0,2.6
150,76,14.0,3.2
151,96,17.0,4.9
152,47,3.0,4.5
153,85,42.0,4.3
154,55,22.0,3.2
155,98,21.0,3.6
156,77,21.0,4.3
157,26,40.0,4.0
158,68,1.0,3.0
159,73,50.0,4.1
160,27,39.0,3.8
161,23,34.0,4.6
162,49,29.0,3.0
163,74,31.0,3.0
164,67,8.0,3.4
165,65,5.0,2.6
166,60,7.0,2.8
167,31,30.0,4.0
168,27,14.0,4.0
169,80,5.0,3.0
170,30,3.0,3.3
171,25,46.0,2.6
172,35,4.0,3.6
173,67,42.0,3.9
174,46,30.0,3.4
175,35,37.0,3.5
176,86,2.0,2.8
177,81,30.0,2.7
178,42,47.0,3.7
179,43,21.0,4.3
180,31,9.0,4.9
181,81,12.0,3.3
182,61,4.0,4.7
183,96,10.0,2.8
184,29,26.0,3.6
185,33,40.0,3.0
186,32,34.0,4.5
187,56,31.0,2.9
188,94,1.0,3.3
189,53,5.0,3.1
190,82,4.0,4.4
191,70,48.0,3.0
192,76,29.0,3.9
193,29,12.0,2.9
194,100,29.0,3.0
195,94,15.0,3.1
196,25,34.0,4.3
197,88,41.0,3.9
198,78,41.0,3.2
199,45,39.0,4.8
200,73,32.0,3.8
201,61,29.0,3.3
202,22,15.0,4.3
203,38,33.0,2.7
204,38,18.0,3.2
205,100,35.0,4.0
206,64,25.0,3.0
207,55,6.0,4.2
208,91,17.0,2.9
209,38,17.0,4.1
210,97,44.0,3.2
211,22,6.0,3.0
212,92,45.0,4.2
213,84,7.0,4.2
214,93,11.0,4.4
215,50,41.0,4.2
216,64,24.0,2.8
217,61,21.0,3.7
218,48,24.0,3.5
219,45,8.0,2.9
220,88,12.0,3.0
221,57,48.0,3.7
222,68,6.0,4.4
223,94,14.0,4.5
224,41,34.0,4.8
225,83,12.0,2.9
226,22,11.0,3.2
227,74,5.0,3.3
228,90,25.0,4.2
229,79,11.0,2.9
230,28,27.0,4.6
231,88,43.0,4.1
232,26,18.0,3.1
233,27,32.0,4.2
234,83,27.0,4.5
235,39,24.0,3.7
236,89,31.0,3.7
237,68,39.0,3.4
238,90,36.0,3.0
239,34,5.0,4.2
240,51,47.0,2.9
241,45,29.0,3.5
242,88,43.0,4.1
243,85,40.0,4.3
244,100,4.0,2.8
245,42,39.0,4.9
246,53,45.0,3.3
247,86,20.0,3.2
248,66,14.0,4.4
249,100,33.0,4.8
250,47,18.0,4.2
251,25,9.0,4.0
252,51,34.0,2.5
253,41,33.0,3.9
254,73,15.0,4.9
255,42,4.0,3.5
256,20,25.0,4.2
257,30,20.0,4.7
258,53,5.0,4.5
259,74,16.0,2.8
260,57,13.0,2.9
261,57,11.0,3.2
262,77,21.0,4.9
263,40,6.0,3.7
264,46,29.0,4.3
265,78,15.0,3.9
266,59,17.0,3.2
267,75,32.0,3.1
268,54,42.0,3.9
269,42,21.0,2.6
270,44,9.0,3.3
271,52,16.0,4.6
272,69,42.0,4.6
273,26,37.0,4.4
274,33,32.0,4.2
275,32,28.0,3.0
276,85,13.0,4.0
277,30,11.0,3.5
278,29,36.0,3.0
279,95,23.0,3.7
280,69,37.0,4.0
281,69,21.0,4.2
282,61,22.0,2.5
283,94,9.0,3.0
284,30,16.0,3.2
285,45,4.0,3.5
286,39,3.0,4.8
287,51,6.0,2.6
288,37,18.0,3.4
289,62,34.0,3.7
290,85,26.0,4.5
291,33,50.0,3.7
292,26,40.0,3.3
293,99,24.0,4.7
294,39,33.0,2.7
295,20,19.0,4.6
296,42,24.0,2.7
297,74,19.0,4.8
298,26,4.0,4.4
299,53,11.0,4.0
300,80,28.0,3.2
301,98,24.0,4.4
302,95,25.0,3.8
303,44,27.0,3.6
304,60,49.0,3.3
305,84,45.0,3.4
306,59,26.0,3.5
307,49,4.0,3.6
308,32,3.0,3.2
309,29,45.0,3.7
310,22,21.0,4.5
311,85,50.0,4.6
312,52,19.0,4.1
313,89,6.0,3.4
314,77,50.0,3.7
315,24,17.0,3.3
316,24,24.0,4.5
317,22,46.0,3.3
318,82,42.0,4.3
319,67,10.0,2.5
320,74,1.0,2.6
321,72,28.0,4.9
322,36,48.0,4.7
323,95,47.0,3.0
324,78,29.0,3.5
325,82,37.0,4.8
326,70,38.0,4.3
327,41,48.0,3.2
328,42,36.0,3.1
329,50,9.0,2.8
330,31,34.0,2.9
331,51,43.0,3.7
332,98,46.0,3.3
333,86,5.0,2.8
334,64,15.0,4.5
335,46,30.0,2.6
336,85,44.0,3.7
337,81,16.0,4.4
338,59,16.0,4.3
339,79,16.0,3.5
340,33,21.0,3.8
341,47,39.0,3.5
342,20,40.0,4.6
343,36,48.0,2.6
344,39,26.0,4.4
345,71,46.0,4.0
346,59,27.0,4.4
347,50,5.0,4.7
348,41,43.0,3.9
349,59,17.0,2.7
350,87,3.0,3.7
351,68,47.0,2.6
352,90,24.0,3.9
353,71,12.0,4.9
354,64,35.0,4.1
355,76,42.0,3.0
356,42,1.0,4.1
357,80,27.0,3.8
358,56,16.0,4.0
359,25,36.0,3.6
360,74,30.0,3.0
361,30,18.0,3.0
362,96,45.0,2.6
363,64,1.0,3.4
364,88,42.0,3.1
365,88,7.0,3.0
366,88,50.0,3.7
367,36,37.0,3.5
368,40,18.0,2.8
369,39,29.0,4.5
370,40,45.0,3.3
371,34,13.0,3.4
372,83,47.0,3.2
373,85,7.0,3.7
374,27,11.0,4.6
375,78,39.0,5.0
376,32,6.0,4.4
377,51,2.0,4.9
378,32,39.0,4.1
379,62,23.0,4.9
380,29,46.0,4.7
381,69,19.0,3.0
382,25,3.0,3.4
383,76,47.0,3.2
384,77,6.0,2.9
385,33,6.0,4.5
386,93,12.0,2.7
387,39,40.0,3.4
388,93,38.0,4.6
389,82,10.0,2.7
390,42,28.0,4.2
391,71,19.0,3.2
392,86,25.0,4.8
393,82,38.0,3.3
394,65,6.0,4.2
395,29,7.0,4.8
396,65,2.0,4.9
397,88,24.0,3.9
398,46,26.0,3.0
399,67,25.0,4.6
400,35,10.0,3.5
401,66,14.0,4.8
402,91,21.0,4.8
403,78,26.0,3.0
404,45,12.0,4.5
405,93,11.0,4.8
406,74,15.0,3.8
407,55,13.0,4.6
408,76,5.0,3.1
409,66,36.0,3.4
410,51,32.0,3.3
411,26,1.0,4.8
412,29,15.0,2.8
413,74,3.0,3.1
414,99,48.0,4.6
415,88,30.0,2.6
416,31,40.0,2.6
417,55,24.0,3.8
418,81,48.0,4.5
419,73,27.0,3.0
420,91,14.0,3.5
421,54,18.0,3.8
422,40,48.0,3.5
423,59,32.0,3.1
424,26,21.0,3.0
425,23,42.0,4.3
426,87,4.0,3.3
427,71,19.0,4.7
428,91,6.0,4.5
429,64,2.0,2.9
430,94,21.0,4.1
431,40,40.0,3.5
432,76,33.0,3.4
433,86,26.0,3.3
434,92,23.0,3.2
435,52,39.0,4.0
436,28,42.0,3.6
437,46,41.0,4.6
438,50,41.0,2.6
439,23,12.0,4.3
440,50,31.0,3.4
441,89,34.0,3.5
442,81,32.0,4.2
443,69,31.0,3.5
444,67,24.0,3.6
445,20,31.0,4.3
446,29,18.0,4.9
447,74,15.0,4.1
448,82,7.0,3.6
449,23,35.0,3.4
450,45,35.0,2.9
451,21,19.0,2.7
452,31,26.0,4.3
453,45,39.0,3.3
454,56,22.0,2.8
455,97,14.0,3.2
456,100,50.0,3.6
457,96,33.0,4.0
458,99,48.0,4.9
459,91,48.0,4.0
460,30,27.0,3.8
461,65,27.0,3.7
462,93,20.0,3.9
463,81,48.0,3.3
464,81,29.0,2.7
465,52,45.0,4.7
466,88,25.0,2.8
467,24,25.0,4.6
468,51,37.0,4.5
469,38,16.0,5.0
470,46,30.0,4.1
471,63,6.0,4.6
472,72,36.0,4.9
473,39,3.0,3.9
474,42,29.0,3.9
475,76,15.0,2.6
476,66,18.0,2.7
477,90,2.0,3.5
478,56,49.0,3.7
479,43,48.0,3.2
480,84,43.0,3.3
481,88,30.0,4.8
482,88,10.0,3.2
483,42,11.0,2.5
484,73,12.0,3.9
485,73,28.0,4.7
486,44,36.0,2.6
487,63,37.0,2.8
488,68,22.0,4.4
489,29,32.0,4.6
490,85,40.0,3.2
491,42,47.0,4.2
492,69,24.0,3.7
493,62,11.0,3.9
494,48,19.0,4.7
495,68,42.0,4.5
496,36,6.0,3.3
497,63,31.0,3.3
498,39,31.0,4.6
499,78,27.0,3.6
500,99,24.0,4.8
501,31,35.0,4.8
502,45,21.0,2.9
503,30,8.0,2.8
504,24,26.0,3.2
505,22,26.0,3.9
506,63,9.0,4.3
507,40,48.0,2.7
508,20,33.0,5.0
509,20,31.0,3.7
510,80,17.0,3.9
511,87,22.0,3.9
512,46,8.0,3.1
513,49,2.0,3.3
514,65,45.0,3.6
515,62,47.0,4.3
516,67,7.0,4.5
517,41,19.0,2.8
518,49,44.0,2.7
519,100,16.0,2.9
520,54,17.0,4.4
521,84,20.0,3.9
522,41,50.0,3.5
523,88,37.0,2.5
524,40,5.0,4.9
525,39,44.0,4.8
526,37,41.0,3.2
527,52,19.0,4.9
528,23,47.0,4.3
529,88,40.0,3.2
530,84,6.0,3.7
531,37,25.0,3.2
532,51,42.0,3.4
533,76,35.0,4.1
534,60,17.0,4.5
535,72,4.0,4.5
536,45,24.0,3.2
537,84,16.0,4.4
538,49,14.0,3.0
539,22,43.0,3.2
540,48,49.0,4.0
541,37,33.0,3.1
542,27,45.0,2.8
543,79,35.0,4.6
544,98,11.0,4.3
545,64,30.0,3.3
546,32,48.0,3.5
547,74,45.0,3.4
548,50,26.0,2.8
549,64,41.0,4.6
550,29,37.0,3.6
551,62,12.0,3.3
552,78,27.0,3.1
553,94,18.0,3.5
554,59,15.0,3.2
555,47,34.0,3.0
556,57,37.0,4.8
557,90,21.0,5.0
558,60,31.0,2.9
559,77,43.0,3.2
560,41,22.0,2.9
561,48,12.0,3.3
562,65,25.0,2.6
563,62,40.0,3.5
564,99,16.0,4.4
565,58,30.0,3.4
566,43,10.0,4.2
567,93,1.0,3.6
568,50,24.0,3.0
569,88,36.0,4.0
570,33,46.0,4.4
571,99,20.0,4.1
572,76,37.0,3.6
573,97,26.0,4.6
574,68,23.0,3.2
575,79,20.0,4.8
576,86,38.0,4.8
577,68,5.0,5.0
578,52,41.0,3.7
579,90,22.0,4.6
580,41,48.0,3.7
581,80,10.0,4.1
582,100,12.0,2.7
583,77,2.0,4.9
584,78,38.0,4.0
585,94,20.0,4.7
586,23,5.0,2.8
587,20,9.0,4.9
588,86,48.0,4.2
589,60,9.0,3.0
590,70,40.0,3.4
591,39,30.0,4.6
592,37,6.0,4.2
593,29,42.0,3.2
594,35,9.0,4.4
595,83,6.0,2.5
596,77,47.0,3.6
597,37,36.0,4.5
598,69,19.0,3.4
599,66,30.0,3.2
600,26,27.0,4.2
601,63,25.0,5.0
602,38,5.0,4.7
603,58,10.0,4.2
604,46,26.0,3.4
605,92,11.0,4.4
606,32,17.0,4.2
607,90,44.0,4.5
608,23,44.0,2.8
609,25,21.0,3.3
610,54,49.0,4.6
611,72,27.0,2.5
612,33,19.0,4.7
613,43,33.0,4.6
614,51,46.0,2.6
615,85,21.0,4.0
616,100,23.0,2.6
617,72,38.0,4.6
618,57,2.0,2.6
619,94,21.0,4.0
620,34,1.0,4.6
621,89,10.0,3.7
622,27,45.0,4.4
623,63,44.0,4.0
624,70,48.0,4.7
625,87,21.0,3.4
626,79,1.0,4.0
627,79,10.0,3.9
628,44,24.0,4.1
629,85,29.0,3.7
630,90,11.0,4.7
631,94,33.0,4.3
632,68,27.0,4.1
633,51,19.0,3.9
634,33,50.0,2.9
635,60,46.0,3.9
636,59,28.0,4.3
637,30,14.0,2.8
638,20,46.0,3.4
639,20,41.0,2.7
640,24,50.0,4.0
641,88,28.0,4.4
642,78,23.0,3.9
643,25,14.0,2.8
644,57,10.0,3.2
645,93,37.0,4.3
646,42,15.0,4.2
647,54,19.0,4.9
648,70,23.0,3.7
649,31,35.0,4.1
650,93,33.0,4.2
651,40,12.0,3.9
652,32,41.0,2.9
653,27,27.0,3.1
654,68,45.0,3.6
655,59,23.0,4.4
656,36,19.0,3.1
657,23,6.0,3.9
658,80,6.0,4.3
659,37,20.0,4.9
660,52,8.0,3.6
661,79,39.0,5.0
662,68,39.0,4.1
663,98,39.0,2.8
664,83,23.0,4.7
665,83,41.0,4.4
666,55,50.0,4.9
667,26,30.0,3.1
668,76,32.0,2.6
669,85,35.0,2.9
670,89,45.0,3.3
671,41,37.0,4.8
672,30,45.0,4.7
673,53,29.0,3.3
674,66,27.0,4.2
675,33,36.0,4.7
676,86,9.0,2.6
677,60,38.0,2.9
678,62,41.0,2.7
679,74,25.0,3.3
680,95,37.0,3.4
681,25,3.0,4.2
682,59,24.0,3.8
683,29,49.0,4.0
684,36,3.0,2.7
685,82,42.0,4.7
686,71,32.0,3.5
687,35,33.0,3.0
688,38,46.0,3.3
689,59,44.0,4.7
690,91,35.0,4.7
691,68,45.0,4.8
692,21,37.0,2.9
693,95,40.0,4.0
694,52,30.0,3.1
695,21,38.0,3.5
696,67,15.0,3.7
697,42,49.0,2.8
698,63,40.0,4.6
699,41,40.0,3.8
700,46,5.0,2.6
701,79,5.0,4.1
702,90,5.0,3.3
703,71,1.0,3.4
704,87,21.0,3.0
705,66,18.0,3.2
706,90,49.0,4.5
707,47,27.0,4.8
708,38,21.0,3.7
709,50,19.0,3.4
710,79,23.0,4.6
711,91,26.0,4.1
712,60,13.0,3.5
713,81,36.0,3.8
714,90,39.0,2.6
715,70,40.0,4.4
716,63,37.0,2.6
717,29,9.0,3.6
718,90,7.0,4.2
719,22,25.0,4.6
720,22,42.0,3.3
721,62,19.0,3.4
722,57,41.0,4.4
723,32,50.0,4.3
724,53,43.0,3.5
725,79,36.0,4.7
726,61,33.0,3.1
727,78,20.0,3.6
728,97,37.0,4.8
729,78,12.0,3.7
730,56,46.0,3.2
731,25,28.0,3.9
732,28,30.0,3.5
733,57,28.0,2.8
734,36,20.0,2.7
735,69,39.0,3.1
736,48,48.0,3.6
737,58,32.0,2.9
738,24,28.0,3.6
739,31,27.0,3.5
740,29,26.0,3.5
741,69,22.0,2.8
742,79,23.0,4.7
743,39,21.0,3.1
744,84,36.0,4.9
745,66,42.0,4.1
746,92,4.0,4.7
747,45,47.0,2.5
748,74,13.0,4.4
749,39,8.0,3.9
750,71,11.0,3.7
751,95,5.0,3.4
752,72,1.0,4.8
753,85,17.0,4.2
754,54,27.0,3.4
755,41,3.0,2.9
756,24,22.0,3.3
757,99,24.0,4.8
758,32,18.0,3.8
759,71,39.0,4.6
760,49,25.0,2.6
761,50,6.0,3.4
762,91,26.0,4.2
763,46,43.0,3.9
764,50,6.0,2.9
765,39,6.0,4.2
766,99,13.0,3.0
767,48,13.0,3.6
768,77,11.0,2.5
769,95,45.0,2.6
770,100,8.0,4.3
771,54,8.0,3.3
772,68,34.0,2.6
773,22,40.0,3.6
774,84,14.0,2.6
775,46,11.0,3.5
776,53,8.0,3.0
777,60,8.0,5.0
778,32,37.0,2.5
779,50,23.0,2.9
780,94,38.0,4.6
781,26,38.0,3.6
782,44,12.0,3.0
783,57,15.0,4.5
784,65,38.0,4.5
785,72,41.0,3.2
786,62,37.0,4.0
787,21,16.0,4.8
788,85,25.0,3.7
789,51,18.0,3.8
790,84,4.0,2.7
791,37,12.0,4.9
792,44,35.0,3.1
793,45,45.0,4.2
794,35,16.0,3.8
795,50,10.0,4.2
796,26,34.0,4.6
797,78,43.0,4.0
798,82,38.0,4.0
799,39,48.0,3.8
800,55,31.0,3.3
801,20,20.0,2.6
802,29,12.0,4.9
803,41,2.0,3.5
804,38,30.0,2.8
805,47,28.0,2.6
806,30,40.0,3.7
807,56,46.0,2.7
808,89,15.0,3.3
809,96,38.0,4.6
810,81,30.0,4.9
811,83,32.0,4.9
812,35,36.0,2.7
813,56,32.0,3.2
814,45,14.0,2.9
815,62,8.0,3.8
816,84,27.0,3.0
817,24,24.0,3.9
818,21,30.0,4.7
819,91,34.0,4.9
820,36,28.0,4.8
821,39,27.0,2.5
822,39,31.0,3.9
823,59,23.0,3.4
824,27,11.0,2.5
825,94,48.0,3.0
826,94,17.0,3.6
827,94,36.0,3.6
828,51,33.0,4.1
829,62,27.0,3.7
830,57,14.0,3.1
831,76,5.0,4.2
832,63,47.0,4.3
833,80,28.0,2.5
834,68,11.0,3.5
835,89,18.0,3.1
836,26,21.0,2.5
837,90,22.0,3.9
838,28,33.0,4.9
839,29,49.0,4.3
840,31,10.0,2.6
841,24,18.0,4.2
842,88,28.0,2.6
843,87,25.0,3.6
844,80,6.0,3.2
845,48,44.0,4.4
846,21,30.0,3.7
847,72,42.0,3.7
848,44,30.0,4.1
849,73,33.0,3.6
850,61,24.0,4.3
851,20,13.0,2.6
852,86,19.0,2.9
853,60,23.0,4.2
854,43,35.0,4.0
855,44,22.0,4.3
856,76,14.0,3.0
857,33,47.0,3.5
858,60,50.0,3.0
859,26,33.0,3.1
860,73,7.0,4.0
861,87,3.0,4.1
862,100,35.0,3.3
863,84,13.0,4.9
864,41,42.0,3.9
865,59,5.0,3.9
866,26,23.0,4.8
867,69,11.0,2.7
868,20,23.0,3.1
869,83,2.0,3.2
870,54,33.0,2.7
871,66,6.0,2.5
872,42,45.0,2.6
873,33,25.0,2.9
874,77,24.0,4.2
875,65,10.0,4.4
876,39,7.0,4.1
877,51,1.0,3.8
878,65,45.0,4.9
879,89,37.0,4.9
880,76,14.0,4.1
881,75,25.0,3.1
882,61,18.0,2.7
883,35,37.0,3.8
884,37,30.0,4.3
885,91,34.0,4.1
886,99,49.0,4.4
887,54,48.0,3.6
888,47,33.0,3.3
889,77,44.0,3.6
890,84,50.0,2.8
891,51,47.0,4.3
892,26,24.0,3.9
893,64,43.0,2.7
894,51,14.0,4.7
895,60,3.0,3.8
896,69,33.0,4.7
897,29,38.0,4.7
898,91,46.0,3.4
899,70,19.0,3.5
900,58,20.0,4.0
901,98,42.0,3.3
902,68,34.0,4.7
903,44,5.0,2.8
904,45,3.0,3.3
905,99,46.0,2.9
906,68,16.0,2.8
907,56,21.0,4.2
908,43,34.0,4.4
909,99,9.0,3.6
910,56,36.0,2.7
911,25,22.0,3.4
912,74,2.0,2.8
913,56,32.0,3.4
914,47,29.0,2.6
915,67,27.0,4.1
916,22,33.0,2.9
917,34,16.0,2.7
918,64,11.0,3.7
919,42,11.0,4.3
920,82,17.0,2.6
921,81,37.0,4.3
922,24,18.0,4.1
923,60,13.0,4.2
924,24,7.0,4.2
925,78,37.0,3.1
926,88,8.0,4.9
927,63,11.0,4.4
928,78,8.0,4.4
929,37,31.0,3.4
930,94,26.0,4.5
931,78,20.0,4.5
932,36,24.0,4.1
933,24,45.0,3.2
934,84,33.0,2.7
935,47,21.0,3.7
936,51,2.0,2.6
937,84,28.0,2.7
938,24,18.0,2.7
939,97,21.0,4.8
940,89,24.0,4.8
941,44,15.0,2.6
942,35,38.0,4.5
943,91,38.0,3.2
944,63,13.0,3.8
945,97,39.0,4.8
946,38,8.0,4.1
947,24,4.0,2.8
948,32,6.0,3.9
949,90,11.0,4.9
950,36,49.0,3.4
951,37,30.0,4.1
952,51,34.0,2.9
953,71,28.0,3.1
954,50,36.0,3.6
955,74,18.0,3.5
956,75,4.0,3.4
957,99,42.0,2.9
958,23,11.0,4.7
959,53,31.0,4.4
960,99,12.0,2.6
961,48,20.0,4.4
962,72,37.0,3.7
963,64,26.0,4.4
964,63,14.0,2.5
965,51,12.0,2.6
966,55,10.0,5.0
967,55,19.0,4.9
968,26,4.0,3.7
969,67,48.0,3.1
970,31,37.0,3.2
971,66,4.0,4.4
972,67,15.0,4.3
973,61,33.0,3.0
974,75,30.0,3.5
975,90,23.0,3.6
976,40,2.0,3.8
977,90,50.0,3.6
978,20,34.0,4.6
979,40,33.0,2.5
980,33,34.0,3.5
981,98,39.0,4.0
982,42,47.0,3.5
983,62,37.0,3.2
984,45,40.0,3.5
985,78,8.0,3.4
986,80,12.0,5.0
987,96,36.0,4.5
988,47,48.0,2.8
989,84,47.0,4.9
990,31,2.0,3.1
991,63,24.0,4.8
992,97,40.0,2.7
993,99,50.0,4.6
994,90,25.0,4.4
995,68,20.0,3.2
996,80,10.0,3.0
997,91,32.0,4.9
998,30,31.0,3.6
999,90,48.0,3.8
1000,28,23.0,2.9
1001,46,1.0,3.9
1002,60,4.0,3.6
1003,59,3.0,3.5
1004,68,3.0,4.0
1005,79,44.0,4.8
1006,94,5.0,3.9
1007,83,50.0,4.5
1008,62,2.0,4.8
1009,85,29.0,2.6
1010,30,11.0,3.1
1011,24,37.0,4.7
1012,25,32.0,2.9
1013,37,27.0,3.8
1014,69,31.0,3.8
1015,97,36.0,3.0
1016,24,34.0,4.1
1017,30,15.0,3.4
1018,53,14.0,2.5
1019,70,46.0,4.9
1020,76,33.0,2.8
1021,95,41.0,4.5
1022,51,39.0,4.9
1023,41,7.0,4.9
1024,71,29.0,3.5
1025,66,18.0,3.5
1026,84,15.0,4.9
1027,95,39.0,3.0
1028,90,11.0,2.8
1029,36,4.0,3.7
1030,22,33.0,3.6
1031,89,37.0,3.3
1032,50,32.0,3.4
1033,36,44.0,4.0
1034,52,41.0,4.6
1035,29,44.0,4.2
1036,89,32.0,2.8
1037,47,13.0,3.7
1038,25,48.0,3.4
1039,74,3.0,3.0
1040,46,39.0,4.8
1041,22,7.0,4.0
1042,25,11.0,4.9
1043,80,47.0,4.9
1044,76,28.0,3.3
1045,30,17.0,4.4
1046,79,11.0,3.5
1047,22,12.0,4.2
1048,36,7.0,4.2
1049,77,19.0,2.7
1050,33,24.0,2.8
1051,64,19.0,3.8
1052,53,39.0,2.6
1053,36,1.0,3.0
1054,70,10.0,3.3
1055,96,48.0,4.9
1056,27,24.0,3.3
1057,64,42.0,2.9
1058,23,20.0,4.4
1059,33,49.0,3.1
1060,34,25.0,2.5
1061,35,21.0,2.6
1062,62,12.0,4.4
1063,75,21.0,2.6
1064,29,35.0,3.3
1065,28,42.0,3.5
1066,20,3.0,4.1
1067,96,11.0,4.0
1068,43,22.0,2.7
1069,94,47.0,2.5
1070,81,33.0,4.3
1071,75,50.0,3.3
1072,81,46.0,2.6
1073,92,34.0,3.5
1074,96,33.0,4.0
1075,71,45.0,2.6
1076,50,32.0,4.9
1077,72,47.0,2.9
1078,28,5.0,3.7
1079,59,49.0,4.4
1080,33,48.0,4.4
1081,59,22.0,3.8
1082,30,45.0,4.5
1083,85,30.0,2.6
1084,97,43.0,3.3
1085,36,48.0,4.1
1086,85,23.0,3.0
1087,62,27.0,3.0
1088,71,7.0,3.4
1089,21,2.0,2.7
1090,61,33.0,3.8
1091,58,27.0,4.2
1092,80,6.0,4.7
1093,50,20.0,4.1
1094,48,46.0,4.2
1095,40,25.0,4.8
1096,34,30.0,3.0
1097,46,48.0,2.6
1098,27,47.0,3.2
1099,98,27.0,3.6
1100,73,45.0,2.6
1101,28,2.0,4.4
1102,76,39.0,3.0
1103,83,24.0,2.9
1104,23,8.0,4.3
1105,28,8.0,3.1
1106,83,6.0,3.0
1107,96,12.0,3.6
1108,62,26.0,2.8
1109,25,50.0,2.8
1110,97,2.0,4.9
1111,61,31.0,3.0
1112,66,4.0,4.1
1113,67,32.0,4.6
1114,80,11.0,4.8
1115,25,47.0,2.6
1116,58,37.0,4.0
1117,96,39.0,4.2
1118,77,24.0,4.5
1119,65,11.0,4.9
1120,36,36.0,3.1
1121,84,40.0,4.0
1122,58,25.0,3.2
1123,62,12.0,4.3
1124,67,38.0,2.5
1125,20,40.0,4.9
1126,90,10.0,2.7
1127,58,47.0,3.4
1128,53,22.0,4.8
1129,30,35.0,4.7
1130,65,46.0,4.7
1131,41,30.0,3.9
1132,73,20.0,3.7
1133,98,25.0,4.3
1134,36,29.0,4.1
1135,81,2.0,4.6
1136,90,32.0,3.6
1137,83,37.0,4.8
1138,91,16.0,2.8
1139,36,32.0,4.7
1140,53,42.0,3.9
1141,39,6.0,2.6
1142,33,23.0,4.7
1143,76,27.0,3.5
1144,23,43.0,4.4
1145,54,25.0,4.4
1146,89,30.0,3.0
1147,38,7.0,4.2
1148,36,17.0,4.3
1149,66,10.0,2.6
1150,42,40.0,3.3
1151,36,50.0,2.7
1152,86,24.0,4.2
1153,49,8.0,4.0
1154,41,6.0,4.0
1155,82,44.0,2.9
1156,53,47.0,2.6
1157,21,6.0,4.8
1158,66,11.0,4.4
1159,89,41.0,4.0
1160,55,46.0,3.6
1161,42,9.0,3.2
1162,52,37.0,3.1
1163,92,13.0,4.2
1164,56,24.0,3.0
1165,96,47.0,4.2
1166,64,21.0,2.9
1167,48,22.0,3.7
1168,83,16.0,3.6
1169,91,37.0,3.6
1170,94,3.0,4.5
1171,62,33.0,3.2
1172,55,15.0,3.9
1173,68,42.0,4.6
1174,76,42.0,2.5
1175,31,19.0,4.3
1176,81,26.0,4.1
1177,83,39.0,4.6
1178,21,24.0,4.8
1179,22,23.0,4.9
1180,33,44.0,2.8
1181,23,34.0,4.9
1182,96,43.0,3.5
1183,21,45.0,3.8
1184,39,4.0,4.5
1185,73,19.0,3.4
1186,64,29.0,3.9
1187,68,27.0,4.1
1188,89,37.0,3.0
1189,29,11.0,3.3
1190,97,28.0,4.9
1191,45,31.0,4.3
1192,70,50.0,4.1
1193,56,42.0,4.0
1194,55,18.0,5.0
1195,46,6.0,3.1
1196,95,33.0,4.0
1197,88,13.0,3.2
1198,92,26.0,3.9
1199,49,17.0,3.9
1200,89,3.0,4.5
1201,22,7.0,4.4
1202,61,46.0,3.1
1203,29,14.0,2.9
1204,82,23.0,3.7
1205,94,20.0,3.2
1206,99,38.0,3.5
1207,59,16.0,3.0
1208,90,48.0,4.1
1209,100,8.0,2.9
1210,62,16.0,3.8
1211,78,5.0,4.1
1212,94,14.0,4.6
1213,74,18.0,2.5
1214,52,14.0,3.7
1215,81,5.0,3.8
1216,20,15.0,2.6
1217,32,3.0,3.7
1218,63,12.0,2.6
1219,79,43.0,3.1
1220,23,35.0,2.5
1221,64,36.0,4.9
1222,69,3.0,4.5
1223,69,27.0,3.4
1224,24,21.0,3.9
1225,50,18.0,3.7
1226,97,16.0,2.6
1227,91,18.0,3.4
1228,37,19.0,4.9
1229,55,1.0,3.9
1230,52,39.0,3.6
1231,80,49.0,4.6
1232,79,43.0,4.0
1233,23,31.0,3.6
1234,73,40.0,3.5
1235,99,2.0,4.1
1236,22,46.0,3.0
1237,68,35.0,4.4
1238,92,42.0,4.4
1239,77,3.0,3.7
1240,37,32.0,4.8
1241,79,48.0,2.9
1242,51,34.0,3.1
1243,27,15.0,4.0
1244,23,22.0,3.0
1245,76,2.0,3.9
1246,31,30.0,3.4
1247,60,27.0,2.7
1248,99,18.0,3.5
1249,37,8.0,3.0
1250,50,48.0,4.5
1251,26,24.0,4.1
1252,86,43.0,5.0
1253,41,8.0,4.0
1254,23,49.0,4.9
1255,56,2.0,3.3
1256,68,38.0,4.1
1257,48,4.0,3.6
1258,67,31.0,3.0
1259,87,34.0,4.1
1260,64,45.0,3.9
1261,93,30.0,4.1
1262,29,2.0,2.8
1263,62,44.0,4.8
1264,70,1.0,4.6
1265,92,1.0,2.5
1266,79,27.0,2.7
1267,31,14.0,4.0
1268,83,41.0,2.7
1269,88,25.0,2.9
1270,53,47.0,3.0
1271,98,20.0,3.3
1272,57,42.0,4.3
1273,80,16.0,4.4
1274,29,32.0,4.1
1275,73,37.0,3.1
1276,32,1.0,4.5
1277,68,37.0,4.8
1278,97,5.0,5.0
1279,98,31.0,2.8
1280,56,18.0,3.7
1281,78,39.0,4.4
1282,81,8.0,4.5
1283,68,20.0,3.0
1284,94,23.0,3.9
1285,93,38.0,3.9
1286,99,45.0,3.5
1287,49,44.0,4.9
1288,28,20.0,3.4
1289,93,34.0,4.1
1290,24,10.0,2.9
1291,35,3.0,3.4
1292,68,23.0,3.2
1293,61,42.0,3.9
1294,74,30.0,4.1
1295,64,21.0,4.5
1296,60,50.0,2.8
1297,29,16.0,2.8
1298,85,32.0,4.6
1299,81,14.0,3.0
1300,23,42.0,3.6
1301,100,47.0,4.5
1302,54,21.0,5.0
1303,25,37.0,2.9
1304,32,10.0,3.1
1305,63,18.0,4.0
1306,56,2.0,4.5
1307,33,40.0,4.5
1308,32,43.0,3.1
1309,38,14.0,4.4
1310,21,41.0,4.7
1311,59,38.0,3.1
1312,87,12.0,4.2
1313,79,19.0,3.0
1314,28,23.0,2.6
1315,67,49.0,3.4
1316,75,29.0,4.2
1317,32,14.0,4.6
1318,43,19.0,2.8
1319,93,19.0,2.7
1320,24,48.0,4.0
1321,31,19.0,3.1
1322,84,45.0,3.7
1323,74,17.0,4.0
1324,62,15.0,4.6
1325,77,11.0,3.8
1326,73,1.0,3.5
1327,50,17.0,4.6
1328,40,37.0,2.8
1329,97,40.0,3.7
1330,63,50.0,3.3
1331,65,20.0,2.9
1332,91,8.0,3.2
1333,60,16.0,4.3
1334,69,9.0,2.7
1335,52,12.0,4.2
1336,49,26.0,4.8
1337,85,44.0,4.8
1338,86,19.0,3.4
1339,51,43.0,2.6
1340,56,5.0,5.0
1341,72,5.0,4.4
1342,27,31.0,2.9
1343,43,11.0,3.4
1344,56,34.0,3.4
1345,37,14.0,4.9
1346,21,42.0,3.6
1347,91,15.0,3.0
1348,95,47.0,3.9
1349,54,23.0,3.2
1350,36,23.0,3.2
1351,71,1.0,4.3
1352,31,28.0,2.8
1353,89,37.0,4.5
1354,83,4.0,4.1
1355,42,21.0,3.6
1356,91,50.0,3.0
1357,61,34.0,4.0
1358,66,20.0,3.5
1359,22,25.0,2.5
1360,68,26.0,4.3
1361,43,4.0,2.8
1362,32,39.0,3.7
1363,46,29.0,4.3
1364,90,47.0,4.0
1365,75,5.0,4.7
1366,69,18.0,4.5
1367,40,10.0,3.1
1368,63,25.0,3.8
1369,36,2.0,4.9
1370,75,48.0,3.2
1371,67,41.0,2.9
1372,64,42.0,2.8
1373,61,44.0,4.0
1374,40,6.0,2.6
1375,97,5.0,2.7
1376,31,8.0,4.1
1377,65,24.0,5.0
1378,54,42.0,3.0
1379,49,24.0,3.6
1380,64,38.0,2.8
1381,35,41.0,4.6
1382,86,48.0,2.9
1383,55,16.0,4.8
1384,58,4.0,3.3
1385,96,8.0,4.6
1386,64,1.0,2.6
1387,56,4.0,4.0
1388,85,20.0,3.8
1389,23,40.0,3.9
1390,72,8.0,2.6
1391,38,42.0,4.3
1392,29,38.0,3.6
1393,46,34.0,4.2
1394,58,14.0,3.9
1395,43,39.0,4.7
1396,32,40.0,2.8
1397,30,49.0,3.0
1398,67,33.0,4.7
1399,45,25.0,2.5
1400,81,48.0,3.1
1401,23,22.0,3.6
1402,59,1.0,3.5
1403,21,47.0,3.1
1404,20,20.0,3.6
1405,28,10.0,3.5
1406,100,39.0,2.7
1407,46,15.0,3.6
1408,61,11.0,4.5
1409,58,38.0,4.1
1410,50,41.0,4.2
1411,93,18.0,4.0
1412,24,13.0,2.8
1413,100,43.0,2.6
1414,79,12.0,2.7
1415,51,3.0,4.5
1416,90,12.0,3.7
1417,56,46.0,3.4
1418,25,21.0,4.6
1419,75,23.0,4.1
1420,75,4.0,2.6
1421,53,45.0,4.6
1422,100,24.0,3.0
1423,27,3.0,3.4
1424,60,12.0,3.5
1425,23,34.0,3.5
1426,40,39.0,3.7
1427,38,35.0,4.8
1428,90,8.0,4.9
1429,97,42.0,4.9
1430,38,6.0,4.7
1431,30,3.0,4.9
1432,88,29.0,2.9
1433,33,32.0,4.4
1434,60,45.0,3.2
1435,64,21.0,4.6
1436,95,41.0,4.0
1437,83,23.0,3.7
1438,97,14.0,4.2
1439,38,24.0,2.9
1440,48,25.0,4.8
1441,76,13.0,4.4
1442,25,3.0,3.4
1443,92,42.0,2.8
1444,47,2.0,4.2
1445,36,26.0,3.8
1446,51,24.0,3.1
1447,35,6.0,3.2
1448,57,25.0,3.0
1449,95,11.0,3.6
1450,41,20.0,2.5
1451,44,25.0,3.4
1452,34,35.0,2.5
1453,25,11.0,4.7
1454,93,41.0,3.2
1455,50,17.0,2.9
1456,79,1.0,4.9
1457,100,30.0,2.7
1458,57,47.0,4.7
1459,28,34.0,2.9
1460,35,18.0,4.8
1461,85,33.0,4.6
1462,95,42.0,5.0
1463,90,2.0,4.8
1464,49,1.0,4.9
1465,92,23.0,4.6
1466,72,42.0,3.9
1467,71,3.0,4.5
1468,27,16.0,4.7
1469,39,46.0,3.9
1470,98,31.0,4.4
1471,27,15.0,3.9
1472,71,48.0,2.8
1473,24,11.0,3.5
1474,63,20.0,4.3
1475,72,6.0,3.9
1476,61,24.0,4.0
1477,56,18.0,4.1
1478,32,1.0,4.3
1479,23,13.0,4.2
1480,100,2.0,4.0
1481,74,26.0,3.6
1482,33,31.0,3.3
1483,67,43.0,4.1
1484,61,12.0,4.7
1485,46,22.0,4.4
1486,56,3.0,3.4
1487,73,23.0,5.0
1488,44,26.0,4.6
1489,44,37.0,4.0
1490,26,42.0,4.1
1491,52,15.0,4.9
1492,54,10.0,2.7
1493,38,3.0,4.5
1494,44,44.0,2.7
1495,76,23.0,3.0
1496,23,6.0,4.5
1497,98,9.0,5.0
1498,33,16.0,3.8
1499,32,46.0,3.1
1500,85,24.0,3.4
1501,69,22.0,4.8
1502,55,13.0,2.7
1503,66,20.0,3.2
1504,30,46.0,3.9
1505,80,10.0,4.2
1506,20,39.0,3.0
1507,30,44.0,3.0
1508,86,7.0,3.7
1509,84,3.0,4.4
1510,54,44.0,4.6
1511,30,31.0,3.0
1512,91,48.0,3.6
1513,23,18.0,3.9
1514,35,27.0,4.1
1515,90,1.0,3.9
1516,93,34.0,3.9
1517,68,5.0,4.5
1518,41,12.0,3.4
1519,73,14.0,4.1
1520,73,40.0,4.9
1521,66,39.0,4.4
1522,59,50.0,2.7
1523,72,5.0,4.8
1524,88,35.0,3.3
1525,76,6.0,4.4
1526,31,22.0,4.6
1527,22,27.0,3.1
1528,75,33.0,4.5
1529,75,47.0,4.0
1530,63,48.0,3.1
1531,21,22.0,3.9
1532,83,8.0,4.5
1533,46,5.0,4.4
1534,59,16.0,3.6
1535,66,26.0,3.4
1536,74,8.0,4.0
1537,82,17.0,2.6
1538,89,50.0,3.2
1539,65,22.0,3.2
1540,55,19.0,5.0
1541,95,14.0,2.9
1542,77,35.0,2.9
1543,44,43.0,3.5
1544,89,24.0,4.0
1545,24,17.0,3.9
1546,43,49.0,4.9
1547,51,17.0,3.8
1548,46,40.0,3.5
1549,32,43.0,3.7
1550,55,19.0,2.9
1551,26,40.0,2.8
1552,29,13.0,3.7
1553,49,20.0,3.0
1554,45,21.0,4.8
1555,48,18.0,2.7
1556,47,44.0,4.5
1557,57,26.0,2.7
1558,34,34.0,3.5
1559,75,24.0,3.5
1560,94,23.0,4.5
1561,84,3.0,3.8
1562,38,2.0,3.8
1563,75,23.0,3.2
1564,44,8.0,4.3
1565,33,30.0,4.5
1566,93,48.0,4.2
1567,99,21.0,3.0
1568,33,9.0,4.1
1569,76,8.0,4.6
1570,63,29.0,2.9
1571,41,3.0,4.8
1572,88,11.0,4.5
1573,92,16.0,3.4
1574,31,25.0,4.3
1575,25,32.0,4.2
1576,28,28.0,3.6
1577,75,36.0,3.7
1578,34,7.0,4.0
1579,97,2.0,4.9
1580,80,6.0,3.1
1581,71,30.0,3.7
1582,77,46.0,4.2
1583,41,39.0,2.5
1584,92,8.0,4.3
1585,95,46.0,3.1
1586,25,40.0,3.0
1587,77,21.0,4.0
1588,99,33.0,3.5
1589,24,3.0,3.2
1590,72,48.0,2.7
1591,80,8.0,3.0
1592,100,24.0,2.9
1593,83,10.0,3.3
1594,95,25.0,4.9
1595,41,3.0,3.7
1596,35,45.0,3.5
1597,30,15.0,4.7
1598,21,34.0,2.6
1599,85,21.0,4.1
1600,54,22.0,2.8
1601,26,24.0,4.7
1602,59,33.0,2.9
1603,48,13.0,2.8
1604,98,17.0,4.3
1605,92,25.0,4.8
1606,46,15.0,3.4
1607,21,4.0,4.3
1608,72,43.0,2.7
1609,58,12.0,4.6
1610,93,3.0,4.1
1611,31,1.0,3.4
1612,26,6.0,4.5
1613,68,26.0,4.4
1614,31,6.0,4.0
1615,41,22.0,3.4
1616,62,45.0,3.2
1617,41,50.0,3.4
1618,64,50.0,4.3
1619,72,39.0,5.0
1620,78,50.0,3.5
1621,47,27.0,3.1
1622,46,38.0,3.9
1623,43,37.0,4.0
1624,58,50.0,3.5
1625,32,40.0,3.6
1626,45,3.0,3.0
1627,35,45.0,2.6
1628,21,8.0,2.9
1629,64,7.0,3.1
1630,88,13.0,3.3
1631,48,29.0,2.9
1632,36,7.0,3.9
1633,28,50.0,4.7
1634,80,33.0,4.4
1635,23,30.0,3.6
1636,24,40.0,3.2
1637,22,49.0,4.0
1638,21,32.0,3.5
1639,51,18.0,4.6
1640,65,50.0,3.3
1641,51,13.0,4.0
1642,32,1.0,3.4
1643,70,16.0,4.2
1644,77,6.0,3.9
1645,90,21.0,3.9
1646,36,36.0,2.8
1647,77,20.0,3.7
1648,78,8.0,4.9
1649,69,22.0,2.6
1650,63,3.0,4.9
1651,36,46.0,3.4
1652,80,42.0,3.9
1653,35,1.0,4.0
1654,93,29.0,3.0
1655,25,14.0,2.6
1656,81,4.0,3.2
1657,42,41.0,2.6
1658,36,4.0,3.2
1659,66,47.0,4.1
1660,37,44.0,3.9
1661,45,37.0,4.1
1662,86,21.0,2.7
1663,24,46.0,4.6
1664,22,1.0,3.5
1665,53,35.0,5.0
1666,41,49.0,3.4
1667,64,47.0,3.1
1668,40,24.0,3.4
1669,33,28.0,4.0
1670,59,22.0,2.7
1671,73,20.0,3.6
1672,22,25.0,4.0
1673,73,15.0,3.8
1674,62,49.0,3.4
1675,56,10.0,3.2
1676,90,21.0,4.7
1677,44,34.0,3.1
1678,35,41.0,3.3
1679,71,30.0,4.8
1680,52,24.0,4.5
1681,37,6.0,3.4
1682,95,14.0,3.7
1683,97,37.0,4.9
1684,57,37.0,3.5
1685,93,28.0,4.6
1686,48,43.0,4.6
1687,75,25.0,4.2
1688,70,4.0,3.7
1689,26,13.0,3.0
1690,73,32.0,4.6
1691,30,1.0,3.2
1692,61,4.0,3.5
1693,75,33.0,2.6
1694,88,45.0,4.9
1695,67,20.0,2.7
1696,95,1.0,4.7
1697,69,7.0,4.0
1698,87,48.0,3.5
1699,41,46.0,4.8
1700,67,34.0,4.0
1701,70,36.0,4.1
1702,41,44.0,3.8
1703,83,48.0,5.0
1704,22,12.0,4.0
1705,20,19.0,3.9
1706,29,49.0,3.4
1707,87,25.0,3.0
1708,81,25.0,4.9
1709,58,1.0,3.2
1710,83,19.0,3.8
1711,59,7.0,3.8
1712,93,19.0,4.7
1713,87,9.0,3.8
1714,22,37.0,4.6
1715,71,15.0,4.4
1716,69,30.0,3.4
1717,47,30.0,4.7
1718,50,16.0,2.9
1719,96,14.0,3.4
1720,39,8.0,3.2
1721,84,40.0,2.8
1722,28,24.0,4.3
1723,51,14.0,3.3
1724,20,39.0,3.3
1725,72,21.0,3.3
1726,33,32.0,3.0
1727,28,45.0,2.8
1728,53,19.0,4.0
1729,48,1.0,4.3
1730,21,12.0,3.8
1731,22,26.0,4.2
1732,87,12.0,3.1
1733,50,36.0,2.6
1734,85,22.0,3.4
1735,98,16.0,3.1
1736,34,31.0,3.6
1737,61,43.0,2.6
1738,98,50.0,4.2
1739,61,37.0,2.9
1740,98,23.0,4.2
1741,21,10.0,3.3
1742,51,20.0,3.6
1743,80,18.0,4.3
1744,72,3.0,3.3
1745,63,23.0,3.0
1746,27,27.0,3.6
1747,44,44.0,3.1
1748,23,41.0,2.9
1749,93,41.0,3.9
1750,70,36.0,3.2
1751,85,38.0,3.1
1752,40,34.0,3.2
1753,29,14.0,3.3
1754,27,23.0,4.8
1755,93,18.0,3.8
1756,20,45.0,4.6
1757,55,14.0,2.8
1758,94,48.0,3.6
1759,56,17.0,4.3
1760,58,1.0,4.0
1761,44,39.0,3.5
1762,95,24.0,4.9
1763,42,41.0,3.1
1764,93,28.0,3.9
1765,56,34.0,3.0
1766,88,41.0,4.1
1767,54,27.0,4.3
1768,89,46.0,3.8
1769,45,2.0,3.9
1770,75,45.0,4.3
1771,22,34.0,4.3
1772,82,9.0,4.7
1773,34,1.0,3.1
1774,92,17.0,2.7
1775,78,6.0,3.7
1776,47,12.0,3.3
1777,64,10.0,3.4
1778,44,4.0,4.7
1779,94,8.0,4.9
1780,62,41.0,4.3
1781,81,49.0,4.2
1782,33,49.0,3.7
1783,88,40.0,2.7
1784,49,30.0,3.3
1785,31,4.0,4.8
1786,29,22.0,4.1
1787,34,22.0,4.6
1788,38,10.0,4.9
1789,41,23.0,3.1
1790,34,43.0,3.0
1791,26,31.0,3.7
1792,98,38.0,4.0
1793,59,22.0,3.0
1794,92,45.0,3.8
1795,40,21.0,3.7
1796,20,9.0,4.0
1797,35,34.0,3.1
1798,35,26.0,3.9
1799,82,1.0,3.7
1800,48,47.0,3.9
1801,58,30.0,2.7
1802,57,48.0,3.9
1803,96,31.0,2.6
1804,97,33.0,3.5
1805,42,39.0,4.4
1806,62,46.0,4.9
1807,67,24.0,3.9
1808,46,37.0,3.5
1809,71,7.0,4.3
1810,99,6.0,3.4
1811,28,16.0,2.7
1812,77,33.0,3.6
1813,63,18.0,4.9
1814,62,24.0,3.5
1815,92,24.0,3.8
1816,72,48.0,4.5
1817,79,4.0,4.0
1818,27,20.0,4.7
1819,39,47.0,3.8
1820,86,50.0,4.5
1821,94,31.0,5.0
1822,53,29.0,2.8
1823,85,4.0,4.4
1824,50,40.0,4.7
1825,47,31.0,3.8
1826,75,41.0,4.9
1827,60,44.0,4.2
1828,36,31.0,4.9
1829,80,45.0,3.9
1830,96,50.0,4.9
1831,80,7.0,4.8
1832,71,5.0,3.3
1833,29,48.0,4.6
1834,53,19.0,4.5
1835,35,39.0,4.1
1836,75,45.0,3.2
1837,52,35.0,4.2
1838,77,8.0,4.8
1839,24,11.0,4.1
1840,78,32.0,3.7
1841,98,46.0,2.6
1842,57,7.0,3.0
1843,78,1.0,4.4
1844,76,32.0,4.7
1845,26,31.0,2.7
1846,78,39.0,2.8
1847,53,9.0,2.9
1848,100,49.0,4.4
1849,73,34.0,2.7
1850,40,35.0,4.5
1851,76,50.0,2.8
1852,80,4.0,3.1
1853,80,32.0,3.8
1854,67,11.0,2.9
1855,61,49.0,3.8
1856,76,9.0,4.7
1857,55,30.0,3.2
1858,85,33.0,4.0
1859,69,8.0,4.9
1860,26,29.0,3.7
1861,64,4.0,4.8
1862,60,19.0,3.6
1863,36,10.0,4.6
1864,21,39.0,4.3
1865,72,21.0,3.2
1866,62,12.0,3.8
1867,44,9.0,4.2
1868,52,20.0,3.4
1869,58,44.0,4.7
1870,77,16.0,3.9
1871,99,27.0,4.3
1872,96,14.0,2.7
1873,64,24.0,4.6
1874,44,49.0,2.9
1875,33,14.0,3.6
1876,71,6.0,3.9
1877,36,20.0,2.6
1878,62,3.0,3.6
1879,29,5.0,3.4
1880,33,46.0,3.5
1881,33,8.0,3.1
1882,41,13.0,4.3
1883,54,25.0,5.0
1884,58,39.0,4.9
1885,30,15.0,4.3
1886,53,35.0,4.4
1887,91,46.0,4.4
1888,44,3.0,3.5
1889,89,48.0,3.4
1890,57,27.0,2.5
1891,57,5.0,3.4
1892,74,48.0,2.6
1893,30,12.0,4.6
1894,20,10.0,3.7
1895,90,48.0,2.5
1896,61,3.0,4.5
1897,51,19.0,2.9
1898,97,11.0,2.9
1899,97,25.0,3.5
1900,40,42.0,4.2
1901,85,34.0,3.3
1902,76,50.0,3.9
1903,22,21.0,5.0
1904,63,37.0,3.3
1905,71,46.0,4.2
1906,35,14.0,4.9
1907,30,24.0,4.6
1908,74,36.0,4.8
1909,71,19.0,2.7
1910,84,12.0,4.3
1911,38,13.0,3.8
1912,81,32.0,4.9
1913,56,5.0,3.4
1914,48,29.0,3.6
1915,97,40.0,3.4
1916,74,44.0,4.7
1917,50,3.0,3.0
1918,71,35.0,3.4
1919,33,33.0,4.6
1920,56,20.0,3.1
1921,84,40.0,2.8
1922,36,13.0,3.5
1923,63,9.0,4.6
1924,36,7.0,4.3
1925,63,42.0,4.8
1926,32,44.0,2.9
1927,93,6.0,3.0
1928,29,8.0,2.9
1929,92,10.0,3.7
1930,33,46.0,4.7
1931,52,26.0,3.5
1932,42,6.0,2.7
1933,36,47.0,5.0
1934,67,28.0,4.1
1935,43,23.0,2.7
1936,68,45.0,4.8
1937,60,44.0,4.3
1938,53,11.0,4.5
1939,23,39.0,3.8
1940,57,20.0,3.7
1941,89,48.0,3.9
1942,99,46.0,3.3
1943,28,22.0,3.4
1944,53,45.0,3.8
1945,45,49.0,2.7
1946,38,9.0,2.9
1947,49,41.0,4.5
1948,32,2.0,2.6
1949,37,39.0,3.1
1950,80,12.0,4.7
1951,78,26.0,4.6
1952,53,32.0,2.7
1953,82,50.0,4.6
1954,33,3.0,4.8
1955,77,3.0,4.2
1956,56,37.0,4.9
1957,37,20.0,4.9
1958,54,26.0,4.5
1959,67,47.0,2.7
1960,90,7.0,3.1
1961,72,40.0,3.3
1962,59,45.0,2.6
1963,45,20.0,4.4
1964,30,11.0,3.9
1965,51,50.0,4.6
1966,90,25.0,4.9
1967,95,5.0,3.7
1968,81,4.0,3.7
1969,70,25.0,4.2
1970,32,11.0,3.5
1971,94,4.0,2.9
1972,29,1.0,3.4
1973,31,48.0,3.3
1974,20,9.0,4.5
1975,44,2.0,4.6
1976,77,4.0,2.9
1977,51,43.0,3.2
1978,49,32.0,2.6
1979,78,1.0,3.8
1980,98,38.0,2.8
1981,94,25.0,4.4
1982,91,42.0,4.7
1983,77,32.0,2.7
1984,97,21.0,2.6
1985,58,26.0,3.4
1986,97,6.0,3.9
1987,48,14.0,3.4
1988,23,4.0,3.4
1989,79,26.0,3.9
1990,42,39.0,4.0
1991,95,15.0,3.4
1992,29,1.0,3.7
1993,98,28.0,4.9
1994,96,17.0,5.0
1995,66,24.0,2.9
1996,80,29.0,3.0
1997,27,18.0,3.3
1998,25,10.0,4.7
1999,45,19.0,3.4
2000,89,26.0,4.6
2001,27,25.0,3.6
2002,90,2.0,2.6
2003,65,19.0,2.7
2004,72,32.0,3.1
2005,70,13.0,3.2
2006,82,30.0,3.4
2007,97,2.0,4.4
2008,25,8.0,3.2
2009,48,27.0,2.5
2010,99,26.0,3.8
2011,21,3.0,4.4
2012,94,4.0,3.7
2013,53,5.0,3.2
2014,70,25.0,4.9
2015,26,47.0,3.9
2016,82,8.0,4.5
2017,47,20.0,3.4
2018,32,42.0,4.1
2019,97,20.0,4.5
2020,68,23.0,4.7
2021,23,26.0,4.8
2022,33,48.0,4.4
2023,38,16.0,4.0
2024,68,28.0,4.1
2025,23,39.0,3.7
2026,29,43.0,3.0
2027,35,45.0,3.6
2028,73,50.0,4.8
2029,84,10.0,3.7
2030,23,40.0,4.6
2031,67,38.0,2.8
2032,51,2.0,4.0
2033,36,13.0,4.2
2034,55,33.0,3.6
2035,30,27.0,2.9
2036,70,43.0,4.1
2037,63,46.0,3.1
2038,87,7.0,4.3
2039,70,35.0,4.4
2040,51,31.0,3.1
2041,25,42.0,2.9
2042,32,14.0,3.2
2043,52,35.0,4.0
2044,33,49.0,2.7
2045,68,17.0,3.0
2046,20,26.0,4.4
2047,32,30.0,2.8
2048,82,32.0,3.1
2049,64,35.0,3.9
2050,24,15.0,2.7
2051,96,10.0,3.4
2052,94,14.0,3.8
2053,48,30.0,3.7
2054,60,16.0,4.5
2055,56,14.0,2.9
2056,33,28.0,3.4
2057,46,29.0,4.4
2058,37,5.0,4.2
2059,98,17.0,3.3
2060,50,50.0,3.7
2061,63,23.0,3.2
2062,70,22.0,2.6
2063,63,15.0,2.8
2064,86,32.0,2.9
2065,99,5.0,4.0
2066,40,6.0,2.9
2067,92,44.0,4.7
2068,21,23.0,3.1
2069,81,44.0,3.9
2070,82,3.0,3.4
2071,88,14.0,3.1
2072,100,37.0,4.8
2073,66,22.0,3.9
2074,25,2.0,3.5
2075,53,44.0,3.1
2076,28,49.0,4.7
2077,23,22.0,4.6
2078,34,26.0,3.3
2079,42,40.0,3.2
2080,24,16.0,3.1
2081,47,17.0,3.5
2082,78,48.0,4.3
2083,89,28.0,2.9
2084,59,26.0,2.7
2085,94,43.0,4.0
2086,49,38.0,4.6
2087,89,36.0,4.7
2088,91,1.0,4.7
2089,89,49.0,4.0
2090,57,41.0,3.6
2091,71,21.0,3.4
2092,97,24.0,3.0
2093,45,27.0,2.6
2094,91,4.0,4.2
2095,25,19.0,3.4
2096,63,1.0,4.0
2097,52,27.0,4.7
2098,43,5.0,3.9
2099,28,20.0,3.3
2100,78,50.0,2.9
2101,31,36.0,4.4
2102,23,12.0,3.6
2103,25,23.0,4.5
2104,86,21.0,3.7
2105,88,47.0,2.8
2106,35,38.0,4.5
2107,34,40.0,4.4
2108,75,35.0,3.3
2109,46,4.0,4.2
2110,31,28.0,2.7
2111,93,36.0,3.9
2112,85,15.0,2.6
2113,68,7.0,4.5
2114,40,29.0,2.7
2115,51,12.0,2.9
2116,85,16.0,3.4
2117,23,50.0,2.9
2118,28,11.0,3.8
2119,44,28.0,4.2
2120,57,36.0,3.5
2121,98,38.0,3.1
2122,68,32.0,3.5
2123,36,42.0,4.0
2124,71,22.0,3.7
2125,60,22.0,4.2
2126,87,31.0,4.8
2127,38,28.0,4.1
2128,45,40.0,4.5
2129,47,21.0,2.7
2130,57,12.0,2.8
2131,68,33.0,3.7
2132,52,9.0,3.6
2133,87,15.0,4.7
2134,34,13.0,3.8
2135,41,35.0,2.9
2136,94,1.0,4.6
2137,93,25.0,2.8
2138,51,20.0,4.6
2139,42,36.0,2.8
2140,95,33.0,3.0
2141,90,36.0,3.7
2142,98,32.0,4.1
2143,39,21.0,4.3
2144,66,48.0,3.8
2145,23,25.0,3.7
2146,73,32.0,4.8
2147,23,45.0,4.6
2148,43,4.0,4.8
2149,45,19.0,4.6
2150,21,1.0,4.0
2151,40,12.0,2.6
2152,58,18.0,2.6
2153,48,43.0,4.5
2154,94,31.0,4.2
2155,74,33.0,3.4
2156,51,46.0,3.7
2157,83,41.0,3.6
2158,68,41.0,4.0
2159,84,9.0,4.6
2160,58,34.0,3.0
2161,92,21.0,3.3
2162,69,5.0,3.8
2163,48,32.0,2.7
2164,60,44.0,4.5
2165,20,46.0,4.8
2166,55,42.0,4.2
2167,88,50.0,3.5
2168,48,33.0,4.9
2169,74,32.0,4.1
2170,42,32.0,2.9
2171,32,37.0,4.0
2172,98,9.0,4.6
2173,89,6.0,2.8
2174,97,36.0,5.0
2175,49,1.0,2.9
2176,50,48.0,3.3
2177,91,44.0,3.4
2178,93,9.0,3.0
2179,98,32.0,4.7
2180,82,14.0,2.9
2181,37,43.0,4.1
2182,63,32.0,3.2
2183,99,26.0,2.7
2184,37,2.0,4.7
2185,34,16.0,3.2
2186,32,50.0,2.5
2187,23,6.0,4.3
2188,78,20.0,4.4
2189,54,9.0,4.7
2190,94,47.0,4.0
2191,75,33.0,4.6
2192,69,46.0,3.8
2193,35,9.0,3.2
2194,78,8.0,5.0
2195,29,48.0,3.5
2196,62,2.0,3.7
2197,58,31.0,4.8
2198,88,40.0,3.7
2199,80,35.0,3.5
2200,47,40.0,4.9
2201,51,27.0,4.7
2202,25,10.0,4.9
2203,36,23.0,4.3
2204,79,32.0,3.1
2205,41,6.0,3.4
2206,68,27.0,2.7
2207,51,25.0,2.6
2208,38,11.0,2.9
2209,46,23.0,2.7
2210,20,44.0,4.5
2211,25,35.0,3.1
2212,89,45.0,3.2
2213,77,22.0,3.3
2214,94,18.0,2.9
2215,100,20.0,4.1
2216,96,28.0,2.7
2217,36,15.0,4.0
2218,27,42.0,2.6
2219,67,20.0,3.5
2220,91,16.0,2.8
2221,62,47.0,4.5
2222,88,34.0,3.0
2223,66,30.0,4.4
2224,65,5.0,4.7
2225,25,38.0,4.3
2226,64,18.0,4.8
2227,72,28.0,4.8
2228,74,42.0,4.4
2229,50,5.0,3.7
2230,97,50.0,3.9
2231,36,33.0,3.8
2232,49,1.0,4.1
2233,64,14.0,4.0
2234,31,48.0,4.5
2235,66,26.0,4.0
2236,82,44.0,4.5
2237,88,18.0,2.7
2238,34,31.0,3.8
2239,84,18.0,3.8
2240,96,41.0,3.8
2241,71,18.0,4.3
2242,77,3.0,3.5
2243,66,5.0,3.8
2244,21,13.0,3.7
2245,37,22.0,4.8
2246,90,45.0,4.9
2247,96,39.0,4.3
2248,37,18.0,4.4
2249,66,19.0,3.4
2250,45,29.0,4.3
2251,89,19.0,4.6
2252,94,22.0,3.8
2253,96,21.0,3.9
2254,31,22.0,2.6
2255,79,44.0,4.2
2256,39,42.0,4.6
2257,22,33.0,5.0
2258,32,6.0,4.2
2259,71,44.0,4.3
2260,96,24.0,3.3
2261,82,16.0,4.9
2262,76,12.0,4.4
2263,22,50.0,3.1
2264,40,42.0,3.5
2265,92,50.0,3.9
2266,94,10.0,3.9
2267,44,32.0,4.3
2268,49,37.0,3.8
2269,26,15.0,2.7
2270,38,27.0,4.4
2271,72,7.0,3.5
2272,99,49.0,3.4
2273,38,44.0,4.0
2274,96,13.0,4.8
2275,27,38.0,4.5
2276,24,10.0,4.4
2277,82,25.0,4.1
2278,56,18.0,4.6
2279,25,6.0,3.8
2280,67,35.0,2.9
2281,21,31.0,2.8
2282,27,41.0,3.0
2283,97,8.0,4.2
2284,45,34.0,4.1
2285,63,20.0,4.1
2286,100,38.0,4.6
2287,38,35.0,2.5
2288,45,6.0,3.0
2289,91,50.0,3.8
2290,82,47.0,4.1
2291,48,23.0,3.3
2292,30,13.0,5.0
2293,34,31.0,3.8
2294,68,16.0,3.3
2295,95,40.0,5.0
2296,22,45.0,2.9
2297,88,50.0,2.5
2298,83,1.0,4.7
2299,87,10.0,2.9
2300,57,48.0,3.7
2301,88,38.0,4.4
2302,20,21.0,2.9
2303,39,38.0,3.6
2304,71,31.0,4.8
2305,73,9.0,4.7
2306,63,47.0,2.6
2307,78,8.0,3.4
2308,96,30.0,3.5
2309,81,22.0,3.4
2310,95,3.0,5.0
2311,68,15.0,4.6
2312,28,10.0,4.8
2313,30,19.0,3.7
2314,31,36.0,4.7
2315,95,12.0,4.4
2316,79,49.0,3.5
2317,39,7.0,3.8
2318,34,28.0,4.7
2319,28,30.0,3.1
2320,38,29.0,5.0
2321,55,9.0,3.7
2322,31,27.0,3.0
2323,84,21.0,4.5
2324,93,36.0,4.7
2325,28,19.0,3.5
2326,55,47.0,4.4
2327,63,38.0,2.6
2328,94,22.0,4.2
2329,36,29.0,2.6
2330,97,42.0,4.8
2331,63,47.0,2.9
2332,77,10.0,4.3
2333,53,10.0,2.6
2334,77,1.0,3.8
2335,79,7.0,4.2
2336,37,10.0,3.9
2337,94,11.0,3.1
2338,76,5.0,3.6
2339,68,21.0,4.0
2340,65,24.0,3.4
2341,24,37.0,2.6
2342,31,22.0,4.5
2343,89,16.0,4.9
2344,49,44.0,4.4
2345,92,14.0,3.5
2346,32,23.0,3.3
2347,67,46.0,3.1
2348,64,46.0,4.2
2349,84,16.0,4.9
2350,34,40.0,3.9
2351,26,21.0,4.2
2352,50,25.0,4.9
2353,46,25.0,2.8
2354,71,25.0,4.1
2355,78,27.0,4.8
2356,35,12.0,4.1
2357,58,27.0,3.0
2358,67,40.0,4.2
2359,93,38.0,3.8
2360,81,44.0,3.3
2361,80,27.0,4.7
2362,64,30.0,4.3
2363,41,24.0,2.7
2364,79,38.0,4.2
2365,60,4.0,4.2
2366,91,32.0,2.5
2367,66,32.0,3.6
2368,85,28.0,3.4
2369,38,6.0,3.3
2370,23,24.0,4.6
2371,71,38.0,3.9
2372,25,28.0,3.7
2373,39,9.0,3.1
2374,20,21.0,4.9
2375,73,31.0,4.7
2376,63,18.0,2.9
2377,94,5.0,4.1
2378,94,22.0,4.0
2379,71,37.0,2.7
2380,77,22.0,4.0
2381,66,36.0,2.5
2382,23,23.0,4.5
2383,60,44.0,3.9
2384,72,25.0,4.9
2385,35,40.0,3.3
2386,31,12.0,3.8
2387,33,14.0,2.9
2388,95,14.0,4.0
2389,68,10.0,4.1
2390,87,17.0,3.1
2391,64,24.0,4.6
2392,74,31.0,4.6
2393,62,36.0,2.6
2394,97,38.0,5.0
2395,47,23.0,2.9
2396,83,47.0,3.5
2397,82,20.0,3.7
2398,26,41.0,2.9
2399,81,44.0,4.3
2400,44,31.0,3.2
2401,88,11.0,4.2
2402,76,25.0,4.2
2403,89,31.0,3.8
2404,22,40.0,4.4
2405,33,23.0,3.1
2406,97,5.0,5.0
2407,57,26.0,4.7
2408,38,11.0,3.0
2409,55,44.0,4.2
2410,37,47.0,3.0
2411,43,46.0,3.7
2412,96,35.0,2.7
2413,51,8.0,4.3
2414,95,30.0,2.7
2415,26,14.0,3.7
2416,34,30.0,4.3
2417,83,26.0,4.0
2418,24,32.0,3.3
2419,69,47.0,4.0
2420,40,11.0,2.7
2421,87,28.0,4.2
2422,46,2.0,4.6
2423,82,45.0,4.8
2424,81,7.0,2.8
2425,57,28.0,4.5
2426,49,34.0,3.0
2427,42,26.0,4.6
2428,26,45.0,3.3
2429,38,34.0,4.4
2430,57,47.0,4.4
2431,100,42.0,4.3
2432,73,27.0,3.4
2433,66,43.0,2.8
2434,73,16.0,3.4
2435,45,40.0,5.0
2436,27,29.0,4.5
2437,24,38.0,2.7
2438,59,34.0,3.4
2439,20,30.0,3.4
2440,44,45.0,2.8
2441,90,47.0,4.7
2442,36,5.0,4.7
2443,95,50.0,4.7
2444,30,24.0,3.4
2445,65,15.0,3.7
2446,96,50.0,4.1
2447,65,7.0,2.9
2448,47,10.0,3.2
2449,25,38.0,3.0
2450,56,31.0,4.1
2451,76,7.0,4.5
2452,60,27.0,3.4
2453,67,45.0,4.1
2454,95,13.0,4.6
2455,72,33.0,4.6
2456,98,25.0,3.4
2457,83,5.0,3.3
2458,37,23.0,3.6
2459,85,17.0,4.6
2460,36,14.0,4.3
2461,36,28.0,4.0
2462,86,19.0,4.8
2463,99,31.0,4.3
2464,21,25.0,3.3
2465,84,4.0,2.8
2466,63,20.0,4.4
2467,84,37.0,3.7
2468,72,28.0,3.6
2469,21,6.0,3.7
2470,92,27.0,5.0
2471,72,29.0,2.7
2472,83,1.0,4.3
2473,73,31.0,4.1
2474,98,28.0,2.6
2475,76,19.0,3.2
2476,43,36.0,3.5
2477,60,28.0,3.7
2478,40,29.0,3.8
2479,93,9.0,4.8
2480,98,26.0,4.2
2481,91,7.0,2.9
2482,92,35.0,2.9
2483,87,46.0,4.8
2484,96,8.0,2.9
2485,97,50.0,4.8
2486,55,37.0,4.6
2487,58,6.0,4.4
2488,21,16.0,3.0
2489,82,30.0,4.4
2490,34,50.0,3.9
2491,78,5.0,4.0
2492,47,15.0,2.5
2493,96,34.0,4.1
2494,23,6.0,4.8
2495,27,26.0,2.6
2496,37,34.0,3.1
2497,79,37.0,3.2
2498,40,28.0,4.2
2499,39,38.0,2.6
2500,73,2.0,3.1
2501,84,32.0,2.9
2502,94,30.0,4.6
2503,47,17.0,4.1
2504,77,5.0,2.5
2505,94,31.0,4.0
2506,75,43.0,3.5
2507,82,19.0,4.4
2508,36,32.0,2.9
2509,90,5.0,3.1
2510,48,9.0,4.4
2511,42,48.0,4.4
2512,33,1.0,2.7
2513,63,20.0,4.9
2514,53,42.0,3.5
2515,37,45.0,4.8
2516,92,41.0,4.2
2517,73,36.0,4.6
2518,38,10.0,2.9
2519,51,31.0,4.0
2520,90,21.0,4.9
2521,56,16.0,3.1
2522,33,18.0,4.4
2523,53,20.0,2.5
2524,24,21.0,3.4
2525,59,23.0,3.7
2526,72,20.0,4.2
2527,28,30.0,3.4
2528,36,33.0,3.6
2529,47,31.0,4.7
2530,62,48.0,4.7
2531,98,28.0,3.6
2532,28,7.0,4.6
2533,86,4.0,2.6
2534,46,49.0,3.1
2535,42,22.0,3.2
2536,80,39.0,3.9
2537,39,45.0,4.9
2538,49,30.0,4.1
2539,32,33.0,4.2
2540,73,24.0,4.1
2541,42,11.0,3.9
2542,58,13.0,2.7
2543,22,27.0,3.7
2544,56,30.0,2.7
2545,70,39.0,2.5
2546,50,10.0,3.9
2547,21,4.0,3.0
2548,97,16.0,3.2
2549,63,34.0,3.8
2550,60,11.0,2.7
2551,52,30.0,3.0
2552,32,40.0,4.1
2553,48,13.0,3.2
2554,25,28.0,4.5
2555,68,49.0,4.3
2556,74,23.0,3.5
2557,88,4.0,3.1
2558,23,17.0,3.9
2559,32,24.0,2.7
2560,71,21.0,4.0
2561,62,17.0,2.7
2562,20,22.0,2.7
2563,62,27.0,4.7
2564,81,1.0,4.5
2565,90,27.0,3.0
2566,43,8.0,3.6
2567,38,43.0,3.3
2568,25,24.0,4.3
2569,98,29.0,4.3
2570,75,10.0,4.8
2571,27,12.0,4.0
2572,27,48.0,3.5
2573,42,40.0,3.9
2574,90,1.0,4.4
2575,63,26.0,4.6
2576,96,9.0,4.0
2577,40,19.0,4.2
2578,39,37.0,4.5
2579,48,3.0,3.9
2580,20,40.0,3.7
2581,29,13.0,3.6
2582,81,48.0,4.7
2583,98,4.0,3.6
2584,93,9.0,2.5
2585,30,26.0,2.9
2586,37,19.0,4.4
2587,28,1.0,4.6
2588,29,29.0,3.7
2589,49,38.0,3.2
2590,53,31.0,4.9
2591,66,35.0,5.0
2592,61,40.0,3.3
2593,23,13.0,4.4
2594,36,9.0,4.7
2595,81,25.0,3.6
2596,56,3.0,3.2
2597,78,35.0,3.0
2598,25,13.0,4.4
2599,86,31.0,3.3
2600,99,48.0,3.4
2601,83,6.0,3.9
2602,33,43.0,2.9
2603,44,1.0,2.9
2604,58,8.0,2.7
2605,54,6.0,3.4
2606,93,32.0,3.7
2607,98,46.0,4.7
2608,36,38.0,3.1
2609,68,48.0,4.2
2610,95,18.0,3.0
2611,93,25.0,3.1
2612,99,4.0,4.2
2613,22,27.0,3.8
2614,88,14.0,2.9
2615,65,36.0,4.2
2616,62,6.0,3.1
2617,55,46.0,3.6
2618,97,29.0,4.8
2619,77,12.0,4.1
2620,40,47.0,3.9
2621,23,28.0,3.0
2622,46,21.0,3.0
2623,75,15.0,4.9
2624,76,38.0,4.8
2625,59,19.0,3.3
2626,51,31.0,2.7
2627,46,30.0,4.2
2628,26,40.0,3.6
2629,51,42.0,3.8
2630,44,25.0,3.8
2631,82,20.0,4.2
2632,44,3.0,2.7
2633,27,14.0,5.0
2634,90,32.0,4.7
2635,58,20.0,3.2
2636,80,34.0,2.9
2637,40,6.0,4.2
2638,23,2.0,3.7
2639,34,35.0,4.2
2640,35,33.0,2.6
2641,75,45.0,4.0
2642,60,20.0,2.7
2643,87,48.0,4.0
2644,41,37.0,2.9
2645,83,4.0,3.3
2646,81,24.0,4.0
2647,56,4.0,3.9
2648,58,25.0,3.3
2649,84,14.0,3.9
2650,21,14.0,3.9
2651,35,46.0,4.2
2652,43,27.0,4.6
2653,20,46.0,3.3
2654,36,24.0,4.8
2655,70,4.0,4.1
2656,83,2.0,3.4
2657,76,29.0,3.6
2658,81,7.0,2.7
2659,47,39.0,3.2
2660,35,46.0,4.4
2661,85,44.0,4.9
2662,96,20.0,4.8
2663,98,44.0,2.8
2664,52,23.0,2.9
2665,84,37.0,3.2
2666,71,4.0,3.5
2667,95,14.0,4.1
2668,47,31.0,4.1
2669,75,9.0,4.8
2670,28,31.0,2.8
2671,44,26.0,4.7
2672,64,41.0,4.8
2673,28,13.0,2.9
2674,21,4.0,2.6
2675,41,15.0,3.3
2676,38,38.0,3.4
2677,77,3.0,3.6
2678,43,6.0,3.8
2679,91,34.0,3.4
2680,68,7.0,3.8
2681,37,21.0,3.3
2682,23,17.0,4.8
2683,65,5.0,3.9
2684,30,21.0,4.2
2685,45,42.0,4.7
2686,25,49.0,2.7
2687,72,33.0,3.8
2688,75,12.0,3.6
2689,63,18.0,2.9
2690,35,47.0,3.9
2691,32,18.0,4.7
2692,25,48.0,3.3
2693,90,18.0,4.2
2694,70,46.0,2.6
2695,27,34.0,4.9
2696,92,10.0,3.6
2697,20,12.0,4.7
2698,52,36.0,3.2
2699,57,34.0,3.6
2700,96,49.0,3.6
2701,68,36.0,3.2
2702,30,18.0,2.8
2703,37,39.0,4.0
2704,42,34.0,4.4
2705,54,35.0,3.4
2706,81,1.0,5.0
2707,40,48.0,3.1
2708,88,19.0,4.2
2709,94,44.0,3.3
2710,54,9.0,2.9
2711,51,3.0,4.7
2712,22,50.0,4.0
2713,95,7.0,4.6
2714,57,20.0,3.8
2715,45,16.0,3.6
2716,92,29.0,4.1
2717,40,21.0,2.7
2718,62,19.0,4.3
2719,90,10.0,4.9
2720,82,4.0,4.2
2721,52,45.0,2.8
2722,70,17.0,4.9
2723,83,22.0,2.8
2724,49,3.0,2.9
2725,91,11.0,2.5
2726,99,4.0,2.7
2727,92,11.0,3.3
2728,87,47.0,3.7
2729,28,17.0,4.0
2730,71,32.0,4.1
2731,32,37.0,4.1
2732,33,44.0,2.5
2733,75,27.0,4.2
2734,83,46.0,4.7
2735,93,13.0,2.7
2736,29,2.0,3.0
2737,25,45.0,4.8
2738,76,35.0,4.4
2739,81,39.0,4.3
2740,80,39.0,2.5
2741,70,34.0,4.9
2742,81,41.0,4.9
2743,86,47.0,3.9
2744,94,17.0,4.1
2745,66,40.0,3.3
2746,98,44.0,4.1
2747,25,21.0,3.7
2748,62,21.0,3.1
2749,98,16.0,3.0
2750,53,15.0,3.4
2751,66,26.0,2.7
2752,52,50.0,3.1
2753,64,30.0,4.0
2754,59,48.0,3.6
2755,61,21.0,3.6
2756,97,18.0,3.3
2757,23,41.0,4.1
2758,98,11.0,4.3
2759,98,8.0,3.2
2760,59,42.0,3.9
2761,82,41.0,5.0
2762,82,3.0,3.4
2763,41,10.0,3.8
2764,52,35.0,2.9
2765,41,2.0,2.6
2766,70,24.0,4.3
2767,91,47.0,2.8
2768,95,31.0,4.5
2769,25,28.0,3.8
2770,89,13.0,3.0
2771,44,22.0,3.3
2772,52,12.0,3.1
2773,94,10.0,3.5
2774,98,45.0,4.6
2775,40,42.0,4.1
2776,25,16.0,3.6
2777,62,6.0,2.9
2778,24,28.0,4.8
2779,57,24.0,3.2
2780,66,14.0,4.3
2781,70,29.0,4.1
2782,39,33.0,4.6
2783,34,30.0,3.8
2784,38,26.0,4.5
2785,70,12.0,3.1
2786,80,13.0,2.9
2787,51,41.0,3.8
2788,79,4.0,4.1
2789,92,2.0,3.1
2790,85,28.0,5.0
2791,63,24.0,4.5
2792,60,14.0,2.8
2793,44,11.0,3.2
2794,57,27.0,3.1
2795,24,7.0,3.3
2796,35,49.0,3.4
2797,73,21.0,3.8
2798,42,10.0,3.5
2799,20,37.0,4.8
2800,89,9.0,3.9
2801,76,14.0,3.4
2802,56,30.0,2.6
2803,100,42.0,3.1
2804,44,31.0,3.3
2805,76,48.0,2.8
2806,97,48.0,4.3
2807,39,50.0,2.7
2808,100,10.0,4.4
2809,62,45.0,3.9
2810,98,27.0,3.0
2811,31,10.0,4.0
2812,89,19.0,3.7
2813,91,1.0,3.8
2814,50,39.0,3.3
2815,32,14.0,3.6
2816,67,40.0,3.9
2817,28,45.0,3.5
2818,65,6.0,3.4
2819,73,12.0,4.7
2820,27,19.0,3.0
2821,89,5.0,3.9
2822,72,37.0,4.5
2823,37,33.0,4.1
2824,63,47.0,4.5
2825,90,49.0,4.0
2826,62,28.0,4.3
2827,43,23.0,3.6
2828,96,11.0,3.1
2829,83,33.0,2.6
2830,67,47.0,3.4
2831,90,13.0,2.9
2832,53,4.0,5.0
2833,37,40.0,4.6
2834,56,19.0,3.3
2835,43,17.0,2.9
2836,84,7.0,4.9
2837,50,21.0,5.0
2838,88,44.0,4.5
2839,50,2.0,3.7
2840,80,30.0,2.8
2841,47,41.0,3.5
2842,33,31.0,3.0
2843,100,48.0,4.3
2844,26,41.0,3.6
2845,79,42.0,4.4
2846,77,39.0,4.1
2847,36,15.0,2.8
2848,21,3.0,2.8
2849,72,28.0,4.9
2850,25,27.0,4.1
2851,79,36.0,3.0
2852,73,42.0,3.0
2853,71,30.0,3.0
2854,48,9.0,3.2
2855,28,25.0,2.7
2856,95,33.0,3.8
2857,48,31.0,3.5
2858,93,35.0,3.8
2859,87,46.0,3.8
2860,32,29.0,3.4
2861,38,49.0,2.9
2862,54,27.0,3.4
2863,75,5.0,4.7
2864,56,18.0,3.9
2865,43,31.0,3.6
2866,97,27.0,3.7
2867,75,19.0,3.1
2868,55,33.0,4.9
2869,49,42.0,2.6
2870,58,16.0,4.2
2871,34,49.0,4.8
2872,43,40.0,2.7
2873,48,5.0,2.6
2874,40,8.0,2.6
2875,29,2.0,3.1
2876,81,14.0,2.6
2877,84,5.0,3.4
2878,46,34.0,3.6
2879,86,13.0,4.3
2880,57,31.0,4.9
2881,61,43.0,4.8
2882,90,6.0,4.2
2883,51,23.0,2.6
2884,48,10.0,3.2
2885,50,47.0,3.4
2886,82,14.0,3.5
2887,33,29.0,4.2
2888,28,12.0,2.8
2889,42,25.0,5.0
2890,43,21.0,3.3
2891,55,23.0,3.7
2892,73,10.0,2.5
2893,39,47.0,3.2
2894,20,44.0,3.1
2895,32,41.0,3.5
2896,86,29.0,4.6
2897,91,2.0,3.3
2898,59,2.0,2.5
2899,33,29.0,4.6
2900,64,22.0,4.2
2901,67,23.0,4.0
2902,43,46.0,2.6
2903,32,19.0,4.6
2904,39,24.0,3.5
2905,41,43.0,4.0
2906,53,14.0,4.8
2907,27,7.0,3.9
2908,82,50.0,3.7
2909,87,15.0,3.1
2910,78,40.0,3.0
2911,32,41.0,2.9
2912,38,34.0,2.9
2913,37,27.0,4.0
2914,83,12.0,3.5
2915,72,1.0,3.8
2916,30,39.0,4.5
2917,66,13.0,2.7
2918,45,50.0,2.9
2919,73,36.0,4.9
2920,67,31.0,3.8
2921,72,3.0,4.9
2922,24,11.0,4.6
2923,68,16.0,3.5
2924,70,12.0,4.2
2925,64,37.0,3.7
2926,91,43.0,2.8
2927,82,9.0,4.8
2928,24,15.0,2.7
2929,80,17.0,3.6
2930,53,42.0,4.5
2931,50,14.0,4.0
2932,31,49.0,4.5
2933,88,3.0,3.9
2934,52,28.0,3.8
2935,22,41.0,4.7
2936,27,11.0,4.6
2937,34,46.0,3.6
2938,39,15.0,4.3
2939,53,15.0,3.0
2940,46,34.0,4.3
2941,85,13.0,4.8
2942,86,27.0,3.7
2943,63,37.0,2.6
2944,44,37.0,3.4
2945,95,4.0,3.9
2946,49,1.0,4.8
2947,77,29.0,2.8
2948,63,50.0,4.4
2949,83,38.0,3.1
2950,93,15.0,3.8
2951,91,44.0,4.1
2952,99,14.0,4.6
2953,24,5.0,4.9
2954,82,11.0,4.8
2955,28,15.0,3.9
2956,67,46.0,2.6
2957,88,30.0,3.7
2958,70,2.0,4.7
2959,100,28.0,4.5
2960,28,9.0,4.7
2961,48,47.0,3.6
2962,43,21.0,2.8
2963,40,42.0,4.0
2964,97,28.0,3.6
2965,25,13.0,3.8
2966,45,25.0,4.4
2967,49,38.0,2.8
2968,36,40.0,3.4
2969,48,25.0,4.9
2970,62,20.0,4.3
2971,74,44.0,3.4
2972,100,9.0,3.9
2973,39,11.0,4.2
2974,65,3.0,2.7
2975,99,34.0,4.1
2976,68,48.0,4.5
2977,97,28.0,2.8
2978,47,20.0,3.4
2979,56,49.0,3.9
2980,91,14.0,2.6
2981,93,9.0,4.4
2982,36,37.0,4.9
2983,45,4.0,3.6
2984,44,1.0,2.8
2985,32,36.0,4.3
2986,36,21.0,3.0
2987,85,16.0,3.3
2988,36,42.0,2.5
2989,55,31.0,5.0
2990,20,6.0,4.3
2991,91,24.0,4.2
2992,71,7.0,3.9
2993,64,25.0,3.9
2994,21,18.0,4.2
2995,100,14.0,3.5
2996,96,42.0,2.5
2997,91,6.0,2.9
2998,40,14.0,2.7
2999,53,30.0,4.7
3000,48,10.0,3.8
3001,70,7.0,3.7
3002,29,28.0,4.7
3003,29,19.0,3.6
3004,53,13.0,2.8
3005,79,23.0,3.7
3006,65,5.0,3.5
3007,99,17.0,3.7
3008,60,31.0,3.0
3009,86,19.0,4.9
3010,73,8.0,4.6
3011,45,15.0,3.3
3012,70,18.0,3.0
3013,65,16.0,3.5
3014,55,13.0,4.2
3015,65,38.0,4.5
3016,21,27.0,2.8
3017,26,31.0,4.9
3018,71,24.0,3.3
3019,41,21.0,3.0
3020,44,15.0,3.9
3021,81,48.0,2.8
3022,77,47.0,4.5
3023,26,23.0,4.0
3024,31,4.0,2.9
3025,82,47.0,4.0
3026,60,7.0,3.4
3027,70,6.0,2.5
3028,26,47.0,2.8
3029,100,7.0,3.0
3030,82,1.0,3.1
3031,24,23.0,2.6
3032,74,30.0,4.9
3033,58,24.0,3.5
3034,56,9.0,2.6
3035,37,25.0,3.5
3036,64,18.0,4.5
3037,58,7.0,4.3
3038,44,2.0,4.8
3039,39,36.0,4.2
3040,48,31.0,3.2
3041,32,10.0,4.1
3042,79,27.0,4.0
3043,27,14.0,2.9
3044,98,17.0,2.6
3045,67,10.0,2.7
3046,37,4.0,4.6
3047,49,25.0,3.2
3048,74,3.0,4.1
3049,93,47.0,3.9
3050,60,41.0,3.0
3051,76,28.0,3.6
3052,64,49.0,4.6
3053,38,7.0,4.5
3054,91,22.0,3.2
3055,70,34.0,4.9
3056,22,5.0,5.0
3057,59,15.0,3.8
3058,22,26.0,3.4
3059,74,3.0,3.8
3060,71,42.0,3.2
3061,80,1.0,4.7
3062,59,20.0,4.5
3063,96,39.0,3.3
3064,43,24.0,3.9
3065,76,49.0,3.6
3066,59,7.0,2.8
3067,48,13.0,4.3
3068,22,2.0,3.5
3069,40,4.0,4.2
3070,73,17.0,4.6
3071,26,43.0,2.6
3072,41,6.0,3.4
3073,98,46.0,3.1
3074,63,7.0,3.6
3075,55,34.0,4.2
3076,90,21.0,3.6
3077,46,13.0,3.6
3078,88,33.0,3.0
3079,95,24.0,2.5
3080,31,4.0,4.0
3081,42,5.0,4.1
3082,44,11.0,4.9
3083,99,20.0,4.0
3084,20,28.0,3.5
3085,37,43.0,3.2
3086,50,10.0,2.8
3087,73,26.0,3.5
3088,84,29.0,3.1
3089,64,35.0,3.3
3090,21,23.0,4.6
3091,36,15.0,4.9
3092,81,46.0,3.4
3093,54,14.0,3.5
3094,63,17.0,4.8
3095,59,9.0,2.7
3096,53,13.0,3.4
3097,63,20.0,3.5
3098,33,39.0,3.7
3099,64,50.0,3.3
3100,98,21.0,2.9
3101,85,3.0,3.9
3102,82,9.0,2.7
3103,85,29.0,4.3
3104,37,42.0,3.0
3105,56,41.0,5.0
3106,33,17.0,2.7
3107,57,20.0,4.7
3108,31,18.0,4.6
3109,69,7.0,3.2
3110,92,47.0,4.3
3111,46,2.0,4.6
3112,81,25.0,4.9
3113,97,26.0,3.8
3114,93,2.0,2.6
3115,56,45.0,4.7
3116,53,9.0,4.1
3117,66,1.0,3.7
3118,50,4.0,3.0
3119,97,31.0,4.7
3120,79,21.0,4.7
3121,76,32.0,4.0
3122,38,16.0,2.6
3123,45,34.0,3.0
3124,77,40.0,3.3
3125,51,4.0,3.4
3126,26,3.0,4.0
3127,76,28.0,2.6
3128,94,43.0,3.4
3129,32,20.0,4.4
3130,20,40.0,4.7
3131,20,34.0,4.5
3132,59,11.0,2.9
3133,97,26.0,4.2
3134,68,29.0,4.1
3135,66,47.0,4.4
3136,85,48.0,4.7
3137,32,29.0,3.1
3138,44,14.0,2.7
3139,95,40.0,4.6
3140,85,4.0,4.4
3141,44,37.0,4.6
3142,30,47.0,4.9
3143,21,1.0,4.0
3144,22,26.0,2.9
3145,70,12.0,2.6
3146,29,16.0,4.6
3147,83,19.0,4.9
3148,99,21.0,4.3
3149,35,15.0,4.3
3150,40,9.0,4.6
3151,25,7.0,2.6
3152,64,47.0,3.1
3153,90,17.0,3.1
3154,88,46.0,3.1
3155,55,32.0,4.4
3156,90,34.0,4.3
3157,50,18.0,3.1
3158,34,5.0,3.1
3159,77,44.0,4.9
3160,89,4.0,2.9
3161,87,37.0,3.8
3162,77,43.0,4.2
3163,85,28.0,3.9
3164,66,36.0,2.8
3165,32,16.0,2.6
3166,92,38.0,3.0
3167,80,37.0,2.7
3168,78,9.0,2.8
3169,24,14.0,2.9
3170,59,3.0,3.8
3171,41,10.0,4.4
3172,26,26.0,3.1
3173,52,30.0,3.7
3174,46,32.0,4.9
3175,52,35.0,3.8
3176,42,26.0,3.4
3177,37,39.0,4.6
3178,52,31.0,3.2
3179,34,28.0,2.7
3180,88,12.0,4.3
3181,88,46.0,3.8
3182,51,27.0,4.4
3183,97,4.0,3.6
3184,56,14.0,3.5
3185,53,30.0,4.2
3186,71,6.0,4.7
3187,93,43.0,4.8
3188,72,28.0,3.2
3189,59,39.0,3.5
3190,87,30.0,4.2
3191,78,5.0,3.4
3192,68,42.0,4.7
3193,76,20.0,3.0
3194,99,35.0,4.0
3195,52,10.0,4.6
3196,58,36.0,4.9
3197,59,21.0,2.8
3198,71,29.0,3.2
3199,94,39.0,2.8
3200,40,16.0,4.2
3201,24,32.0,4.8
3202,38,34.0,2.8
3203,37,38.0,4.5
3204,29,14.0,4.1
3205,92,23.0,4.3
3206,24,50.0,4.4
3207,52,49.0,3.0
3208,29,14.0,2.7
3209,30,42.0,3.3
3210,31,39.0,4.3
3211,67,43.0,2.9
3212,65,12.0,4.9
3213,22,21.0,3.6
3214,56,33.0,3.3
3215,78,6.0,3.1
3216,90,10.0,2.7
3217,85,18.0,3.4
3218,58,46.0,3.4
3219,34,49.0,3.9
3220,40,39.0,3.5
3221,29,16.0,4.1
3222,76,28.0,3.2
3223,84,22.0,4.6
3224,65,36.0,3.9
3225,80,18.0,2.7
3226,98,31.0,3.0
3227,71,38.0,3.3
3228,69,42.0,2.7
3229,95,27.0,4.6
3230,67,24.0,2.7
3231,49,38.0,2.5
3232,97,9.0,4.4
3233,34,19.0,4.0
3234,74,11.0,3.8
3235,96,16.0,2.5
3236,68,18.0,4.0
3237,84,8.0,4.1
3238,57,4.0,2.8
3239,84,37.0,3.4
3240,32,30.0,2.7
3241,37,37.0,3.8
3242,58,30.0,4.4
3243,74,17.0,2.8
3244,99,11.0,5.0
3245,81,42.0,4.7
3246,76,20.0,3.2
3247,98,37.0,2.9
3248,91,12.0,3.7
3249,79,41.0,4.2
3250,83,32.0,3.4
3251,90,15.0,2.9
3252,20,39.0,3.7
3253,21,48.0,2.7
3254,60,8.0,3.2
3255,31,11.0,4.9
3256,40,36.0,2.8
3257,26,50.0,4.7
3258,98,39.0,3.3
3259,51,11.0,4.3
3260,95,5.0,3.7
3261,36,7.0,4.5
3262,52,50.0,3.4
3263,35,21.0,2.7
3264,68,31.0,4.4
3265,50,39.0,4.0
3266,100,28.0,3.2
3267,74,33.0,4.2
3268,45,42.0,3.0
3269,97,5.0,2.8
3270,60,25.0,4.9
3271,25,48.0,4.7
3272,55,30.0,4.4
3273,99,34.0,3.1
3274,45,34.0,2.6
3275,20,14.0,3.9
3276,88,2.0,2.6
3277,99,41.0,4.0
3278,86,3.0,4.9
3279,70,18.0,3.3
3280,50,1.0,3.0
3281,57,5.0,2.7
3282,69,41.0,3.1
3283,94,5.0,4.8
3284,24,10.0,2.9
3285,79,20.0,4.5
3286,31,11.0,4.6
3287,67,4.0,5.0
3288,63,38.0,4.3
3289,61,19.0,4.9
3290,50,16.0,4.0
3291,82,2.0,3.1
3292,51,11.0,2.6
3293,23,18.0,4.9
3294,91,47.0,3.5
3295,60,15.0,4.5
3296,34,15.0,2.8
3297,23,47.0,4.2
3298,82,47.0,4.1
3299,73,6.0,3.5
3300,32,18.0,4.0
3301,80,40.0,4.0
3302,58,31.0,2.5
3303,82,31.0,4.2
3304,60,4.0,3.4
3305,79,36.0,4.8
3306,41,31.0,4.9
3307,39,6.0,3.6
3308,36,1.0,4.0
3309,70,29.0,2.6
3310,47,19.0,3.1
3311,27,12.0,3.6
3312,52,18.0,4.0
3313,75,45.0,3.9
3314,30,45.0,3.9
3315,94,8.0,3.3
3316,68,4.0,2.9
3317,45,5.0,3.1
3318,67,30.0,4.7
3319,46,15.0,3.9
3320,31,17.0,4.3
3321,44,45.0,4.2
3322,100,3.0,4.3
3323,92,43.0,4.6
3324,78,4.0,3.8
3325,32,41.0,3.3
3326,97,16.0,3.7
3327,95,10.0,4.3
3328,64,2.0,4.1
3329,35,11.0,3.2
3330,54,1.0,3.8
3331,96,41.0,3.2
3332,58,39.0,3.5
3333,23,1.0,3.1
3334,35,3.0,4.2
3335,23,21.0,3.4
3336,94,48.0,3.5
3337,45,24.0,4.0
3338,23,45.0,4.4
3339,94,46.0,2.9
3340,99,35.0,3.6
3341,36,47.0,4.4
3342,50,35.0,4.5
3343,81,45.0,3.8
3344,31,6.0,3.6
3345,48,20.0,4.3
3346,91,3.0,4.0
3347,99,30.0,3.4
3348,70,28.0,4.4
3349,74,15.0,2.8
3350,79,29.0,2.8
3351,33,15.0,4.9
3352,49,18.0,4.2
3353,96,7.0,2.9
3354,66,19.0,4.6
3355,45,15.0,2.8
3356,28,3.0,2.6
3357,48,13.0,3.5
3358,67,37.0,3.5
3359,59,26.0,3.4
3360,74,29.0,3.9
3361,81,47.0,3.3
3362,26,47.0,4.1
3363,61,48.0,3.0
3364,23,46.0,3.0
3365,33,7.0,3.2
3366,58,45.0,3.9
3367,65,47.0,3.6
3368,48,6.0,3.1
3369,25,29.0,4.8
3370,51,42.0,3.8
3371,31,46.0,2.8
3372,99,28.0,4.0
3373,25,14.0,4.6
3374,52,12.0,3.5
3375,47,41.0,3.7
3376,98,8.0,4.9
3377,46,24.0,4.1
3378,32,18.0,4.6
3379,75,6.0,4.5
3380,51,40.0,5.0
3381,52,6.0,3.8
3382,66,27.0,4.7
3383,35,2.0,2.8
3384,43,39.0,2.6
3385,24,9.0,3.8
3386,83,16.0,2.8
3387,62,36.0,2.6
3388,78,2.0,3.4
3389,61,21.0,4.5
3390,57,39.0,3.8
3391,70,38.0,3.0
3392,57,6.0,3.7
3393,74,6.0,4.4
3394,90,50.0,3.1
3395,98,9.0,4.2
3396,43,15.0,3.1
3397,37,5.0,5.0
3398,38,13.0,2.7
3399,60,44.0,3.8
3400,55,36.0,3.3
3401,51,18.0,4.8
3402,71,39.0,3.4
3403,61,11.0,4.4
3404,65,1.0,3.9
3405,34,34.0,3.9
3406,87,47.0,4.2
3407,79,24.0,4.0
3408,46,20.0,2.6
3409,72,11.0,4.4
3410,93,3.0,3.2
3411,76,38.0,4.3
3412,56,45.0,4.9
3413,83,31.0,3.8
3414,90,16.0,2.5
3415,94,3.0,4.9
3416,68,15.0,3.0
3417,53,11.0,3.2
3418,35,22.0,2.9
3419,30,35.0,2.8
3420,26,5.0,3.1
3421,60,35.0,3.4
3422,30,27.0,2.9
3423,91,9.0,3.2
3424,71,21.0,3.8
3425,64,23.0,3.6
3426,54,3.0,4.3
3427,35,31.0,4.8
3428,38,44.0,2.5
3429,69,20.0,2.5
3430,96,34.0,4.6
3431,73,17.0,4.2
3432,49,20.0,4.2
3433,44,46.0,4.8
3434,93,28.0,4.5
3435,72,6.0,3.3
3436,91,50.0,2.7
3437,83,41.0,2.8
3438,62,50.0,3.5
3439,71,33.0,3.0
3440,93,25.0,4.5
3441,63,2.0,4.3
3442,96,15.0,4.1
3443,78,12.0,4.3
3444,24,28.0,5.0
3445,63,12.0,3.8
3446,58,3.0,4.9
3447,55,20.0,5.0
3448,58,3.0,4.3
3449,28,32.0,4.1
3450,37,35.0,4.5
3451,78,31.0,3.6
3452,73,13.0,3.0
3453,20,3.0,3.7
3454,60,48.0,4.3
3455,71,15.0,4.6
3456,89,13.0,4.7
3457,53,21.0,4.6
3458,87,29.0,3.0
3459,37,24.0,3.4
3460,37,21.0,3.8
3461,78,5.0,3.1
3462,23,47.0,4.4
3463,73,34.0,4.5
3464,27,45.0,2.8
3465,59,12.0,2.7
3466,53,31.0,3.4
3467,42,43.0,4.6
3468,45,5.0,5.0
3469,89,36.0,3.5
3470,85,12.0,3.3
3471,69,31.0,4.5
3472,66,31.0,3.1
3473,42,15.0,4.0
3474,40,11.0,2.5
3475,82,18.0,4.4
3476,88,9.0,4.4
3477,99,11.0,3.2
3478,85,38.0,3.8
3479,57,42.0,4.6
3480,56,41.0,4.9
3481,79,45.0,3.5
3482,67,41.0,3.4
3483,61,35.0,3.9
3484,37,21.0,3.9
3485,75,13.0,4.2
3486,21,23.0,3.4
3487,89,6.0,4.9
3488,24,39.0,2.9
3489,27,7.0,4.9
3490,26,32.0,4.6
3491,82,43.0,3.6
3492,28,15.0,4.3
3493,65,48.0,4.6
3494,82,35.0,4.7
3495,38,41.0,3.5
3496,33,14.0,2.8
3497,38,22.0,4.0
3498,48,16.0,4.3
3499,35,2.0,3.8
3500,29,13.0,3.0
3501,48,38.0,4.6
3502,87,43.0,4.8
3503,62,26.0,4.7
3504,96,39.0,3.9
3505,41,50.0,4.0
3506,42,40.0,3.7
3507,57,12.0,3.7
3508,65,33.0,4.2
3509,54,49.0,4.7
3510,22,43.0,4.3
3511,96,14.0,4.9
3512,81,21.0,3.9
3513,46,31.0,3.4
3514,74,29.0,4.2
3515,50,32.0,4.7
3516,80,16.0,4.0
3517,56,38.0,4.0
3518,69,34.0,3.1
3519,97,30.0,4.2
3520,66,14.0,3.7
3521,70,33.0,3.1
3522,50,35.0,3.7
3523,85,13.0,3.2
3524,59,30.0,2.8
3525,74,30.0,2.9
3526,38,47.0,3.5
3527,99,1.0,3.8
3528,97,1.0,4.7
3529,67,33.0,4.5
3530,20,43.0,3.9
3531,45,37.0,3.4
3532,52,23.0,4.6
3533,68,12.0,4.6
3534,98,30.0,4.7
3535,83,7.0,3.2
3536,51,20.0,5.0
3537,21,10.0,4.5
3538,92,40.0,3.5
3539,63,21.0,4.5
3540,56,17.0,3.2
3541,95,5.0,4.6
3542,66,22.0,4.0
3543,28,5.0,4.2
3544,83,18.0,4.1
3545,55,42.0,3.6
3546,28,22.0,3.7
3547,79,37.0,3.6
3548,31,23.0,3.8
3549,37,47.0,3.0
3550,34,11.0,3.4
3551,74,32.0,4.8
3552,31,20.0,2.6
3553,66,3.0,2.9
3554,99,32.0,4.9
3555,55,5.0,5.0
3556,23,45.0,4.6
3557,88,43.0,4.2
3558,26,1.0,4.9
3559,94,9.0,4.8
3560,25,13.0,3.0
3561,96,5.0,3.5
3562,29,39.0,3.4
3563,36,7.0,3.4
3564,90,8.0,4.9
3565,38,40.0,4.4
3566,52,35.0,4.2
3567,88,14.0,3.1
3568,56,26.0,4.0
3569,71,14.0,4.8
3570,94,9.0,3.3
3571,97,32.0,4.7
3572,27,15.0,3.2
3573,28,25.0,5.0
3574,67,27.0,4.9
3575,70,39.0,4.9
3576,95,49.0,3.7
3577,24,12.0,3.0
3578,35,13.0,2.6
3579,22,22.0,2.6
3580,66,19.0,4.8
3581,83,3.0,3.2
3582,95,50.0,4.9
3583,41,15.0,3.4
3584,77,44.0,2.7
3585,52,48.0,4.8
3586,41,4.0,4.1
3587,28,12.0,4.6
3588,90,33.0,4.4
3589,55,40.0,3.5
3590,73,38.0,4.8
3591,87,19.0,2.9
3592,89,38.0,3.2
3593,82,18.0,4.4
3594,80,24.0,4.6
3595,87,29.0,2.6
3596,41,14.0,3.1
3597,83,44.0,4.3
3598,71,18.0,3.1
3599,76,19.0,4.6
3600,34,4.0,4.6
3601,81,25.0,2.7
3602,47,3.0,3.0
3603,36,40.0,3.3
3604,51,5.0,2.7
3605,86,17.0,3.3
3606,41,36.0,4.3
3607,90,41.0,4.8
3608,93,20.0,3.3
3609,56,2.0,4.3
3610,39,31.0,3.0
3611,86,23.0,4.8
3612,82,30.0,2.9
3613,29,26.0,3.6
3614,27,40.0,3.5
3615,25,19.0,4.7
3616,31,4.0,4.4
3617,23,33.0,3.3
3618,47,29.0,4.3
3619,67,47.0,4.0
3620,75,50.0,4.9
3621,82,28.0,2.9
3622,32,5.0,4.0
3623,41,12.0,4.3
3624,89,4.0,2.7
3625,82,22.0,5.0
3626,99,32.0,4.4
3627,98,32.0,3.5
3628,54,48.0,3.3
3629,88,35.0,3.8
3630,43,44.0,4.5
3631,73,29.0,4.8
3632,50,26.0,2.9
3633,73,3.0,3.2
3634,51,1.0,2.8
3635,22,17.0,3.3
3636,32,17.0,3.3
3637,38,36.0,4.2
3638,66,32.0,3.6
3639,20,50.0,4.6
3640,44,39.0,3.6
3641,31,17.0,4.0
3642,45,39.0,2.7
3643,71,5.0,4.4
3644,96,47.0,3.2
3645,32,18.0,2.6
3646,90,31.0,3.4
3647,68,39.0,5.0
3648,45,12.0,2.9
3649,67,45.0,5.0
3650,57,33.0,4.4
3651,60,3.0,3.5
3652,32,5.0,3.8
3653,29,23.0,3.8
3654,20,39.0,3.9
3655,98,10.0,3.3
3656,27,4.0,2.9
3657,67,18.0,3.7
3658,82,1.0,3.7
3659,72,18.0,4.6
3660,77,46.0,4.9
3661,74,13.0,3.1
3662,39,5.0,3.5
3663,80,11.0,4.9
3664,59,49.0,4.4
3665,68,1.0,4.4
3666,77,11.0,3.4
3667,50,47.0,3.0
3668,45,20.0,2.6
3669,71,18.0,3.2
3670,52,43.0,4.6
3671,50,4.0,3.8
3672,66,20.0,4.8
3673,81,7.0,4.5
3674,28,31.0,4.2
3675,65,41.0,2.7
3676,80,3.0,4.5
3677,94,16.0,4.9
3678,30,43.0,2.8
3679,45,29.0,3.5
3680,91,5.0,2.5
3681,36,30.0,2.9
3682,73,33.0,4.2
3683,60,46.0,4.6
3684,77,17.0,3.0
3685,86,47.0,4.4
3686,42,17.0,2.6
3687,70,17.0,4.8
3688,44,28.0,2.9
3689,91,8.0,3.0
3690,30,8.0,4.5
3691,23,4.0,3.7
3692,21,24.0,4.8
3693,34,29.0,4.8
3694,46,10.0,4.7
3695,41,11.0,2.6
3696,33,18.0,4.6
3697,48,26.0,3.4
3698,66,39.0,3.0
3699,54,4.0,4.0
3700,55,24.0,2.6
3701,84,2.0,3.4
3702,66,36.0,4.5
3703,65,36.0,2.7
3704,83,23.0,2.9
3705,61,36.0,4.0
3706,65,2.0,3.2
3707,55,17.0,4.0
3708,79,19.0,3.4
3709,96,41.0,4.9
3710,43,27.0,3.6
3711,40,32.0,3.6
3712,62,33.0,3.2
3713,72,24.0,3.7
3714,87,31.0,2.6
3715,31,35.0,3.9
3716,34,2.0,3.4
3717,53,42.0,3.4
3718,85,47.0,4.2
3719,50,44.0,2.9
3720,91,8.0,4.1
3721,56,13.0,3.6
3722,60,10.0,4.0
3723,34,1.0,4.0
3724,30,1.0,3.6
3725,71,18.0,3.1
3726,100,2.0,4.4
3727,85,36.0,4.3
3728,83,17.0,3.5
3729,31,1.0,3.0
3730,82,50.0,4.7
3731,79,3.0,2.5
3732,62,45.0,3.1
3733,92,28.0,3.3
3734,58,6.0,4.7
3735,88,33.0,3.4
3736,44,29.0,3.1
3737,56,2.0,4.6
3738,23,43.0,4.9
3739,45,48.0,2.7
3740,31,43.0,4.2
3741,96,26.0,2.6
3742,96,26.0,3.2
3743,80,50.0,4.4
3744,28,36.0,3.6
3745,51,26.0,2.7
3746,41,2.0,4.3
3747,99,49.0,2.6
3748,53,32.0,4.3
3749,25,3.0,3.9
3750,95,38.0,2.9
3751,88,5.0,3.1
3752,97,8.0,4.2
3753,81,43.0,4.1
3754,26,22.0,4.2
3755,41,10.0,4.4
3756,93,26.0,3.4
3757,69,42.0,4.8
3758,44,33.0,4.5
3759,54,23.0,2.7
3760,61,30.0,3.5
3761,80,36.0,3.1
3762,30,3.0,2.8
3763,94,13.0,2.9
3764,24,38.0,4.5
3765,21,19.0,3.5
3766,52,14.0,4.3
3767,59,43.0,4.9
3768,51,10.0,3.1
3769,35,34.0,4.0
3770,87,31.0,3.6
3771,42,34.0,4.0
3772,86,28.0,2.6
3773,26,35.0,3.1
3774,60,41.0,3.5
3775,83,48.0,3.9
3776,63,45.0,2.7
3777,25,10.0,4.1
3778,65,9.0,4.3
3779,60,30.0,2.9
3780,75,45.0,4.0
3781,57,41.0,4.1
3782,99,40.0,3.7
3783,45,42.0,2.8
3784,66,17.0,3.2
3785,53,4.0,4.5
3786,94,6.0,3.8
3787,47,22.0,3.6
3788,80,46.0,3.6
3789,65,27.0,3.2
3790,75,18.0,3.8
3791,45,31.0,4.4
3792,51,1.0,3.7
3793,58,2.0,2.6
3794,20,46.0,4.0
3795,82,27.0,3.6
3796,92,3.0,2.5
3797,81,47.0,3.2
3798,44,20.0,2.5
3799,72,23.0,3.2
3800,26,13.0,2.6
3801,26,12.0,4.8
3802,84,36.0,5.0
3803,72,1.0,3.2
3804,55,14.0,3.6
3805,77,45.0,2.7
3806,57,31.0,3.1
3807,71,41.0,3.0
3808,39,36.0,2.9
3809,28,6.0,4.7
3810,33,28.0,3.7
3811,79,29.0,3.9
3812,30,14.0,4.0
3813,75,7.0,2.8
3814,89,31.0,4.1
3815,95,26.0,4.2
3816,44,12.0,4.3
3817,86,45.0,4.3
3818,91,40.0,2.6
3819,41,42.0,3.8
3820,99,45.0,2.9
3821,65,34.0,5.0
3822,48,34.0,4.6
3823,41,17.0,3.2
3824,42,27.0,3.0
3825,26,31.0,4.0
3826,35,47.0,4.1
3827,31,25.0,4.0
3828,73,47.0,4.1
3829,82,8.0,3.4
3830,32,32.0,2.9
3831,27,33.0,3.0
3832,86,16.0,4.0
3833,38,27.0,4.8
3834,93,17.0,4.6
3835,59,17.0,4.1
3836,58,28.0,2.6
3837,84,38.0,2.5
3838,100,33.0,4.8
3839,25,24.0,4.2
3840,29,14.0,3.9
3841,42,5.0,3.7
3842,57,8.0,4.2
3843,84,42.0,4.2
3844,71,48.0,4.0
3845,87,40.0,5.0
3846,52,46.0,4.9
3847,58,40.0,4.0
3848,34,31.0,3.2
3849,60,39.0,3.0
3850,68,36.0,2.6
3851,74,25.0,4.4
3852,83,24.0,3.9
3853,79,19.0,4.0
3854,76,49.0,4.0
3855,20,4.0,4.2
3856,61,36.0,4.4
3857,78,8.0,2.5
3858,21,29.0,3.1
3859,77,26.0,3.5
3860,88,47.0,3.0
3861,64,44.0,4.4
3862,57,49.0,4.9
3863,49,9.0,2.8
3864,35,28.0,3.3
3865,99,1.0,4.9
3866,42,28.0,4.2
3867,32,33.0,3.3
3868,21,28.0,2.7
3869,29,9.0,3.3
3870,64,28.0,3.8
3871,46,19.0,3.2
3872,97,20.0,4.1
3873,94,3.0,4.3
3874,43,22.0,4.0
3875,54,33.0,3.9
3876,51,21.0,3.3
3877,85,7.0,2.6
3878,96,46.0,4.2
3879,42,24.0,3.4
3880,63,6.0,4.1
3881,20,40.0,3.9
3882,25,17.0,2.8
3883,95,24.0,2.6
3884,38,22.0,4.0
3885,29,3.0,4.9
3886,64,39.0,3.2
3887,92,40.0,3.9
3888,34,1.0,2.7
3889,69,14.0,3.4
3890,65,49.0,3.5
3891,81,33.0,2.6
3892,30,6.0,4.7
3893,86,5.0,3.5
3894,64,29.0,3.3
3895,78,44.0,3.9
3896,28,32.0,4.2
3897,49,41.0,4.5
3898,33,24.0,2.9
3899,77,24.0,3.8
3900,81,33.0,3.1
